New Column Name,New Column Documentation,Source Column ID,Source Column Documentation,Relationship,Condition,Prerequisite,Temporary
i004a,Did (s)he die during the wet season? d wet,Id10004,(Id10004) [During which season did (s)he die?],eq,wet,,
i019b,Was he female? female,Id10019,(Id10019) What was the sex of the deceased?,eq,female,,
i019c,Was the deceased intersex? Intersex,Id10019,(Id10019) What was the sex of the deceased?,eq,undetermined,,
i022a,Was (s)he aged 65 years or more at death? 65+,ageInYears,Calculation: int(${ageInDays} div 365.25),ge,65,,
i022a,Was (s)he aged 65 years or more at death? 65+,age_adult,[Enter adult's age in years:],ge,65,,
i022b,Was (s)he aged 50 to 64 years at death? 50 to 64,ageInYears,Calculation as: int(${ageInDays} div 365.25),between,50 to 64,,
i022b,Was (s)he aged 50 to 64 years at death? 50 to 64,age_adult,[Enter adult's age in years:],between,50 to 64,,
i022c,Was (s)he aged 15 to 49 years at death? 15 to 49,ageInYears,Calculation: int(${ageInDays} div 365.25),between,15 to 49,,
i022c,Was (s)he aged 15 to 49 years at death? 15 to 49,age_adult,[Enter adult's age in years:],between,15 to 49,,
i022d,Was (s)he aged 5-14 years at death? 5 to 14,ageInYears,Calculation: int(${ageInDays} div 365.25),between,5 to 14,,
i022d,Was (s)he aged 5-14 years at death? 5  to 14,age_adult,[Enter adult's age in years:],between,5 to 14,,
i022d,Was (s)he aged 5-14 years at death? 5 to 14,age_child_years,[Enter child's age in years:],between,5 to 14,,
i022e,Was (s)he aged 1 to 4 years at death? 1 to 4,ageInYears,Calculation: int(${ageInDays} div 365.25),between,1 to 4,,
i022e,Was (s)he aged 1 to 4 years at death? 1 to 4,age_child_years,[Enter child's age in years:],between,1 to 4,,
i022e,Was (s)he aged 1 to 4 years at death? 1 to 4,age_child_months,[Enter child's age in years:],between,12 to 48,,
i022f,Was (s)he aged 1 to 11 months at death? 1 to 11m,ageInDays,Calculation: (${Id10023} - ${Id10021}),between,28 to 365,,
i022f,Was (s)he aged 1 to 11 months at death? 1 to 11m,age_child_days,[Enter child's age in days:],between,28 to 365,,
i022f,Was (s)he aged 1 to 11 months at death? 1 to 11m,age_child_months,[Enter child's age in months:],between,1 to 11,,
i022f,Was (s)he aged 1 to 11 months at death? 1 to 11m,age_child_years,[Enter child's age in months:],lt,1,,
i022g,Was (s)he aged < 1 month (28 days) at death? neonate,ageInDays,Calculation: (${Id10023} - ${Id10021}),lt,28,,
i022g,Was (s)he aged < 1 month (28 days) at death? neonate,ageInDaysNeonate,"Calculation: if(${ageInDays} = 'NaN' or string-length(${ageInDays}) = 0, ${age_neonate_days}, ${ageInDays})",lt,28,,
i022h,Was (s)he a live baby who died within 24 hours of birth? d day0,ageInDays,Calculation: (${Id10023} - ${Id10021}),lt,1,,
i022h,Was (s)he a live baby who died within 24 hours of birth? d day0,ageInDaysNeonate,"Calculation: if(${ageInDays} = 'NaN' or string-length(${ageInDays}) = 0, ${age_neonate_days}, ${ageInDays})",lt,1,,
i022i,Was (s)he a baby who died between 24 and 48 hours of birth? d day1,ageInDays,Calculation: (${Id10023} - ${Id10021}),eq,1,,
i022i,Was (s)he a baby who died between 24 and 48 hours of birth? d day1,ageInDaysNeonate,"Calculation: if(${ageInDays} = 'NaN' or string-length(${ageInDays}) = 0, ${age_neonate_days}, ${ageInDays})",eq,1,,
i022j,"Was (s)he a baby who died more than 48 hours from birth, but within the first week? d day2-6",ageInDays,Calculation: (${Id10023} - ${Id10021}),between,2 to 6,,
i022j,"Was (s)he a baby who died more than 48 hours from birth, but within the first week? d day2-6",ageInDaysNeonate,"Calculation: if(${ageInDays} = 'NaN' or string-length(${ageInDays}) = 0, ${age_neonate_days}, ${ageInDays})",between,2 to 6,,
i022k,"Was (s)he a baby who died after the first week, but within the first month? wk2-4",ageInDays,Calculation: (${Id10023} - ${Id10021}),between,7 to 27,,
i022k,"Was (s)he a baby who died after the first week, but within the first month? wk2-4",ageInDaysNeonate,"Calculation: if(${ageInDays} = 'NaN' or string-length(${ageInDays}) = 0, ${age_neonate_days}, ${ageInDays})",between,7 to 27,,
i022l,Was she a woman aged 12-19 years at death? f 12-19,ageInYears,Calculation: int(${ageInDays} div 365.25),between,12 to 19,i019b,
i022l,Was she a woman aged 12-19 years at death? f 12-19,age_adult,Calculation: int(${ageInDays} div 365.25),between,12 to 19,i019b,
i022m,Was she a woman aged 20-34 years at death? f 20-34,ageInYears,Calculation: int(${ageInDays} div 365.25),between,20 to 34,i019b,
i022m,Was she a woman aged 20-34 years at death? f 20-34,age_adult,Calculation: int(${ageInDays} div 365.25),between,20 to 34,i019b,
i022n,Was she a woman aged 35 to 49 years at death? f 35-49,ageInYears,Calculation: int(${ageInDays} div 365.25),between,35 to 49,i019b,
i022n,Was she a woman aged 35 to 49 years at death? f 35-49,age_adult,Calculation: int(${ageInDays} div 365.25),between,35 to 49,i019b,
i058a,Did the deceased die in a hospital or health facility? loc hosp hf,Id10058,(Id10058) Where did the deceased die? ,eq,hospital,,
i058a,Did the deceased die in a hospital or health facility? loc hosp hf,Id10058,(Id10058) Where did the deceased die? ,eq,other_health_facility,,
i058b,Did the deceased die in at home? loc home,Id10058,(Id10058) Where did the deceased die? ,eq,home,,
i058c,Did the deceased die on route to hospital or facility? loc on route,Id10058,(Id10058) Where did the deceased die? ,eq,on_route_to_hospital_or_facility,,
i058d,Did the deceased die in some other location (not listed)? loc other,Id10058,(Id10058) Where did the deceased die? ,eq,other,,
i059o,Was (s)he married at the time of death? married,Id10059,(Id10059) What was her/his marital status?,eq,married,,
i104o,Did the baby ever cry? every cry,Id10104,(Id10104) Did the baby ever cry?,eq,yes,,
i105o,"Did the baby cry immediately after birth, even if only a little bit? cry little",Id10105,"(Id10105) Did the baby cry immediately after birth, even if only a little bit?",eq,yes,i104o,
i106a,Was it more than 5 minutes after birth before the baby first cried? cry 5+m,Id10106,(Id10106) How many minutes after birth did the baby first cry? Constraint: (.>=0 and .<=60) or .=99 or .=88,gt,5,i104o,
i107o,Did the baby stop being able to cry? cry stop,Id10107,(Id10107) Did the baby stop being able to cry?,eq,yes,i104o,
i377o,Did the baby stop moving in the womb? bab move,Id10377,(Id10377) Did the baby stop moving in the womb?,eq,yes,,
i376o,Did the baby stop moving before the onset of labour? bab st move,Id10376,(Id10376) Did the baby stop moving before or after the onset of labour?,eq,before,,
i109o,Did the baby ever move after being delivered? bab move aft,Id10109,(Id10109) Did the baby ever move after being delivered?,eq,yes,,
i110o,Did the baby ever breathe? ever breathe,Id10110,(Id10110) Did the baby ever breathe?,eq,yes,,
i111o,"Did the baby breathe immediately after birth, even a little? brth little",Id10111,"(Id10111) Did the baby breathe immediately after birth, even a little?",eq,yes,i110o,
i112o,Did the baby have a breathing problem? brth prob,Id10112,(Id10112) Did the baby have a breathing problem?,eq,yes,i110o,
i113o,Was the baby given assistance to breathe at birth? brth assis,Id10113,(Id10113) Was the baby given assistance to breathe at birth?,eq,yes,i110o,
i114o,"If the baby didn't show any sign of life, was it born dead? born dead",Id10114,"(Id10114) If the baby didn't show any sign of life, was it born dead?",eq,yes,,
i115o,Were there any bruises or signs of injury on child's body after the birth? bruised,Id10115,(Id10115) Were there any bruises or signs of injury on baby's body after the birth?,eq,yes,,
i116o,"Was the baby's body soft, pulpy and discoloured with the skin peeling away? macerated",Id10116,"(Id10116)  Was the baby's body soft, discoloured and the skin peeling away?",eq,yes,,
i125o,Was there any diagnosis by a health professional of tuberculosis? dia tb,Id10125,(Id10125) Was there any diagnosis by a health professional of tuberculosis?,eq,yes,,
i126o,Was an HIV test ever positive? dia HIV+ test,Id10126,(Id10126) Was an HIV test ever positive?,eq,yes,,
i127o,Was there any diagnosis by a health professional of AIDS? dia HIV,Id10127,(Id10127) Was there any diagnosis by a health professional of AIDS?,eq,yes,,
i128o,Did (s)he have a recent positive test by a health professional for malaria? dia mal+,Id10128,(Id10128) Did (s)he have a recent positive test by a health professional for malaria?,eq,yes,,
i129o,Did (s)he have a recent negative test by a health professional for malaria? dia mal-,Id10129,(Id10129) Did (s)he have a recent negative test by a health professional for malaria?,eq,yes,,
i482o,Was there any diagnosis by a health professional of COVID-19? dia cov,Id10482,(Id10482) Was there any diagnosis by a health professional of COVID-19?,eq,yes,,
i483o,Did s(h)e have a recent positive test for COVID-19? dia cov+ test,Id10484,(Id10484) What was the result? ,eq,positive,,
i130o,Was there any diagnosis by a health professional of dengue fever? dia deng,Id10130,(Id10130) Was there any diagnosis by a health professional of dengue fever?,eq,yes,,
i131o,Was there any diagnosis by a health professional of measles? dia meas,Id10131,(Id10131) Was there any diagnosis by a health professional of measles?,eq,yes,,
i132o,Was there any diagnosis by a health professional of high blood pressure? dia hypt,Id10132,(Id10132) Was there any diagnosis by a health professional of high blood pressure?,eq,yes,,
i133o,Was there any diagnosis by a health professional of heart disease? dia cvd,Id10133,(Id10133) Was there any diagnosis by a health professional of heart disease?,eq,yes,,
i134o,Was there any diagnosis by a health professional of diabetes? dia diab,Id10134,(Id10134) Was there any diagnosis by a health professional of diabetes?,eq,yes,,
i135o,Was there any diagnosis by a health professional of asthma? dia asth,Id10135,(Id10135) Was there any diagnosis by a health professional of asthma?,eq,yes,,
i136o,Was there any diagnosis by a health professional of epilepsy? dia epil,Id10136,(Id10136) Was there any diagnosis by a health professional of epilepsy?,eq,yes,,
i137o,Was there any diagnosis by a health professional of cancer? dia canc,Id10137,(Id10137) Was there any diagnosis by a health professional of cancer?,eq,yes,,
i138o,Was there any diagnosis by a health professional of Chronic Obstructive Pulmonary Disease (COPD)? dia copd,Id10138,(Id10138) Was there any diagnosis by a health professional of Chronic Obstructive Pulmonary Disease (COPD)?,eq,yes,,
i139o,Was there any diagnosis by a health professional of dementia? dia demt,Id10139,(Id10139) Was there any diagnosis by a health professional of dementia?,eq,yes,,
i140o,Was there any diagnosis by a health professional of depression? dia depr,Id10140,(Id10140) Was there any diagnosis by a health professional of depression?,eq,yes,,
i141o,Was there any diagnosis by a health professional of stroke? dia strk,Id10141,(Id10141) Was there any diagnosis by a health professional of stroke?,eq,yes,,
i142o,Was there any diagnosis by a health professional of sickle cell disease? dia scd,Id10142,(Id10142) Was there any diagnosis by a health professional of sickle cell disease?,eq,yes,,
i143o,Was there any diagnosis by a health professional of kidney disease? dia kidn,Id10143,(Id10143) Was there any diagnosis by a health professional of kidney disease?,eq,yes,,
i144o,Was there any diagnosis by a health professional of liver disease? dia liver,Id10144,(Id10144) Was there any diagnosis by a health professional of liver disease?,eq,yes,,
i077o,Did (s)he suffer from any injury or accident that led to her/his death? injury,Id10077,(Id10077) Did (s)he suffer from any injury or accident that led to her/his death?,eq,yes,,
i077a,Did s(h)e die within 7 days of the injury or accident? injury 7days,Id10077_a,(Id10077_a) How long after the injury or accident did s/he die?,eq,less,,
i079o,Was it a road transport injury? inj rta,Id10079,(Id10079) Was it a road transport injury?,eq,yes,,
i082o,Was it a non-road transport injury? inj nrta,Id10082,(Id10082) Was it a non-road transport injury?,eq,yes,,
i083o,Was (s)he injured in a fall? inj fall,Id10083,(Id10083) Was (s)he injured in a fall?,eq,yes,,
i084o,Was (s)he poisoned in any way? inj poison,Id10084,(Id10084) Was there any poisoning?,eq,yes,,
i085o,Did (s)he die of drowning? inj drown,Id10085,(Id10085) Did (s)he die of drowning?,eq,yes,,
i086o,Was (s)he injured by a venomous bite or sting from an animal or insect? inj venom,Id10086,(Id10086) Was (s)he injured by a venomous bite or sting from an animal or insect?,eq,yes,,
i087o,Was (s)he injured by an animal or insect (non-venomous)? inj anim,Id10087,(Id10087) Was (s)he injured by an animal or insect (non-venomous)?,eq,yes,,
i088a,Was (s)he injured by a dog? inj dog,Id10088,(Id10088) What was the animal/insect?,eq,dog,,
i088b,Was (s)he injured by a snake? inj snake,Id10088,(Id10088) What was the animal/insect?,eq,snake,,
i088c,Was (s)he injured by a insect or scorpion? inj insco,Id10088,(Id10088) What was the animal/insect?,eq,insect_or_scorpion,,
i088d,"Was (s)he injured by a different type of animal (i.e., not a dog, snake, insect, or scorpion)? inj other",Id10088,(Id10088) What was the animal/insect?,eq,other,,
i089o,Was (s)he injured by burns or fire? inj burn,Id10089,(Id10089) Was (s)he injured by burns/fire?,eq,yes,,
i091o,Was (s)he injured by a fire arm? inj gun,Id10091,(Id10091) Was (s)he injured by a firearm?,eq,yes,,
i092o,"Was (s)he stabbed, cut or pierced? inj stab",Id10092,"(Id10092) Was (s)he stabbed, cut or pierced?",eq,yes,,
i093o,Was (s)he strangled? inj strng,Id10093,(Id10093) Was (s)he strangled?,eq,yes,,
i096o,Was (s)he electrocuted? inj elec,Id10096,(Id10096) Was s(h)e electrocuted? ,eq,yes,,
i094o,Was (s)he injured by a blunt force? inj blfor,Id10094,(Id10094) Was (s)he injured by a blunt force?,eq,yes,,
i095o,Was (s)he injured by a force of nature? inj nature,Id10095,(Id10095) Was (s)he injured by a force of nature?,eq,yes,,
i097o,Was (s)he suffer any other injury? inj other,Id10097,(Id10097) Did (s)he suffer any other injury?,eq,yes,,
i098o,Was the injury accidental? inj accid,Id10098,(Id10098) Was the injury accidental?,eq,yes,,
i099o,Was the injury or accident self-inflicted?  inj suic,Id10099,(Id10099) Was the injury self-inflicted?,eq,yes,,
i100o,Was the injury or accident intentionally inflicted by someone else? inj int,Id10100,(Id10100) Was the injury intentionally inflicted by someone else?,eq,yes,,
i351a,Was the baby less than 1 day old when the fatal illness started? fatal 1day,Id10351,(Id10351) How many days old was the baby when the fatal illness started? Constraint: (.>=0 and .<=${ageInDaysNeonate}) or .=99 or .=88,lt,1,,
i351b,Was the baby at least 1 but less than 2 weeks old when the fatal illness started? fatal 2wks,Id10351,(Id10351) How many days old was the baby when the fatal illness started? Constraint: (.>=0 and .<=${ageInDaysNeonate}) or .=99 or .=88,between,1 to 13,,
i351c,Was the baby at least 2 weeks old when the fatal illness started? fatal 2+wks,Id10351,(Id10351) How many days old was the baby when the fatal illness started? Constraint: (.>=0 and .<=${ageInDaysNeonate}) or .=99 or .=88,ge,14,,
i408o,"Before the illness that led to death, was the baby/child growing normally? grow norm",Id10408,"(Id10408) Before the illness that led to death, was the baby/the child growing normally?",eq,yes,,
i120a,Did the final illness last less than 3 weeks? ill <3w,Id10120,"(Id10120) Calculated number of Days with illness Calculated as: if(selected(${isNeonatal}, '1'),${Id10120_0}, if(${id10120_unit}='days', ${Id10120_1},if(${id10120_unit}='months', ${Id10121} * 30, ${Id10122} * 365)))",lt,21,,
i120b,Did the final illness last at least 3 weeks but less than 3 months? ill 3w-3m,Id10120,"(Id10120) Calculated number of Days with illness Calculated as: if(selected(${isNeonatal}, '1'),${Id10120_0}, if(${id10120_unit}='days', ${Id10120_1},if(${id10120_unit}='months', ${Id10121} * 30, ${Id10122} * 365)))",between,21 to 83,,
i120c,Did the final illness last at least 3 months? ill 3+m,Id10120,"(Id10120) Calculated number of Days with illness Calculated as: if(selected(${isNeonatal}, '1'),${Id10120_0}, if(${id10120_unit}='days', ${Id10120_1},if(${id10120_unit}='months', ${Id10121} * 30, ${Id10122} * 365)))",ge,84,,
i123o,Did (s)he die suddenly? sudden,Id10123,(Id10123) Did (s)he die suddenly?,eq,yes,,
i147o,Did (s)he have a fever?,Id10147,(Id10147) Did (s)he have a fever,eq,yes,,
i148a,Did the fever last less than a week before death? fev <1w,Id10148,"(Id10148) How many days did the fever last? Calculated as: if(selected(${isNeonatal}, '1'), ${Id10148_a},if(${Id10148_units}='days', ${Id10148_b},int(${Id10148_c} * 30)))",lt,7,i147o,
i148b,"Did the fever last at least one week, but less than 3 weeks before death? fev 1-3w",Id10148,"(Id10148) How many days did the fever last? Calculated as: if(selected(${isNeonatal}, '1'), ${Id10148_a},if(${Id10148_units}='days', ${Id10148_b},int(${Id10148_c} * 30)))",between,7 to 20,i147o,
i148c,Did the fever last at least 3 weeks before death? fev 3+w,Id10148,"(Id10148) How many days did the fever last? Calculated as: if(selected(${isNeonatal}, '1'), ${Id10148_a},if(${Id10148_units}='days', ${Id10148_b},int(${Id10148_c} * 30)))",ge,21,i147o,
i149o,Did the fever continue until death? fev death,Id10149,(Id10149) Did the fever continue until death?,eq,yes,i147o,
i150a,Was the fever severe? fev sev,Id10150,(Id10150) How severe was the fever?,eq,severe,i147o,
i151a,Was the fever continuous? fev cont,Id10151,(Id10151) What was the pattern of the fever?,eq,continuous,i147o,
i151b,Was the fever on and off? fev on off,Id10151,(Id10151) What was the pattern of the fever?,eq,on_and_off,i147o,
i151c,Was the fever only at night? fev night,Id10151,(Id10151) What was the pattern of the fever?,eq,nightly,i147o,
i153o,Did (s)he have a cough? cough,Id10153,(Id10153) Did (s)he have a cough?,eq,yes,,
i154a,Did the cough last less than 3 weeks? cou < 3w,Id10154,"(Id10154) For how many days did (s)he have a cough? Calculated as: if(${Id10154_units}='days', ${Id10154_a},int(${Id10154_b} * 30))",lt,21,i153o,
i154b,"Did the cough last at least 3 weeks, but less than 10 weeks? cou 3-10w",Id10154,"(Id10154) For how many days did (s)he have a cough? Calculated as: if(${Id10154_units}='days', ${Id10154_a},int(${Id10154_b} * 30))",between,21 to 69,i153o,
i154c,Did the cough last at least 10 weeks? cou 10+w,Id10154,"(Id10154) For how many days did (s)he have a cough? Calculated as: if(${Id10154_units}='days', ${Id10154_a},int(${Id10154_b} * 30))",ge,70,i153o,
i155o,"Was the cough productive, with sputum? cou prod",Id10155,"(Id10155) Was the cough productive, with sputum?",eq,yes,,
i156o,Was the cough very severe? cou sev,Id10156,(Id10156) Was the cough very severe?,eq,yes,,
i157o,Did (s)he cough up blood? cou bld,Id10157,(Id10157) Did (s)he cough up blood?,eq,yes,,
i158o,Did (s)he make a whooping sound when coughing? cou whoop,Id10158,(Id10158) Did (s)he make a whooping sound when coughing?,eq,yes,,
i159o,Did s/he have any difficulty breathing or breathlessness? dif br,Id10159,(Id10159) Did s/he have any difficulty breathing or breathlessness?,eq,yes,,
i161a,Did the difficult breathing or breathlessness last for at least 10 weeks? dif br 3w,Id10161,"(Id10161) Calculated number of Days with illness if(selected(${isNeonatal}, '1'),${Id10161_0}, if(${id10161_unit}='days', ${Id10161_1},if(${id10161_unit}='months', ${Id10162} * 30, ${Id10163} * 365)))",ge,70,,
i161b,"Did the difficult breathing or breathlessness last for at least 3 weeks, but less than 10 weeks? dif br 3-10w",Id10161,"(Id10161) Calculated number of Days with illness if(selected(${isNeonatal}, '1'),${Id10161_0}, if(${id10161_unit}='days', ${Id10161_1},if(${id10161_unit}='months', ${Id10162} * 30, ${Id10163} * 365)))",between,21 to 69,,
i161c,"Did the difficult breathing or breathlessness last for at least 3 days, but less than 3 weeks? dif br 3d - 3w",Id10161,"(Id10161) Calculated number of Days with illness if(selected(${isNeonatal}, '1'),${Id10161_0}, if(${id10161_unit}='days', ${Id10161_1},if(${id10161_unit}='months', ${Id10162} * 30, ${Id10163} * 365)))",between,3 to 20,,
i161d,Did the difficult breathing or breathlessness last for less than 3 days? dif br 3d,Id10161,"(Id10161) Calculated number of Days with illness if(selected(${isNeonatal}, '1'),${Id10161_0}, if(${id10161_unit}='days', ${Id10161_1},if(${id10161_unit}='months', ${Id10162} * 30, ${Id10163} * 365)))",lt,3,,
i165a,Was the difficult breathing continuous? dif br con,Id10165,(Id10165) Was the difficulty in breathing  continuous or on and off?,eq,continuous,,
i170o,Was (s)he unable to carry out daily routines due to breathlessness? brl unab,Id10170,(Id10170) Was (s)he unable to carry out daily routines due to breathlessness?,eq,yes,,
i171o,Was (s)he breathless while lying flat? brl flat,Id10171,(Id10171) Was (s)he breathless while lying flat?,eq,yes,,
i166o,Did (s)he have fast breathing? br fast,Id10166,(Id10166) Did (s)he have fast breathing?,eq,yes,,
i167a,Did the fast breathing last for less than 3 days before death? br fs <  3d,Id10167,"(Id10167) How long did the fast breathing last? Calculated as: if(selected(${isNeonatal}, '1'), ${Id10167_a},if(${Id10167_units}='days', ${Id10167_b},${Id10167_c} * 30))",lt,3,i166o,
i167b,"Did the fast breathing last for at least 3 days, but less than 3 weeks before death? br fs 3d - 3w",Id10167,"(Id10167) How long did the fast breathing last? Calculated as: if(selected(${isNeonatal}, '1'), ${Id10167_a},if(${Id10167_units}='days', ${Id10167_b},${Id10167_c} * 30))",between,3 to 20,,
i167c,"Did the fast breathing last for at least 3 weeks, but less than 10 weeks before death? br fs 3-10w",Id10167,"(Id10167) How long did the fast breathing last? Calculated as: if(selected(${isNeonatal}, '1'), ${Id10167_a},if(${Id10167_units}='days', ${Id10167_b},${Id10167_c} * 30))",between,21 to 69,,
i167d,Did the fast breathing last for at least 10 weeks before death? br fs 10+w,Id10167,"(Id10167) How long did the fast breathing last? Calculated as: if(selected(${isNeonatal}, '1'), ${Id10167_a},if(${Id10167_units}='days', ${Id10167_b},${Id10167_c} * 30))",ge,70,,
i172o,Did you see the lower chest wall/ribs being pulled in as the child breathed in (chest in-drawing)? indraw,Id10172,(Id10172) Did you see the lower chest wall/ribs being pulled in as the child breathed in?,eq,yes,,
i173a,Did his/her breathing sound like wheezing? whz,Id10173,"(Id10173) During the illness that led to death did his/her breathing sound like any of the following: Calculated as: if(selected(${isAdult}, '1'),${Id10173_a} ,${Id10173_nc})",contains,wheezing,,
i173b,Did his/her breathing sound like grunting? grun,Id10173,"(Id10173) During the illness that led to death did his/her breathing sound like any of the following: Calculated as: if(selected(${isAdult}, '1'),${Id10173_a} ,${Id10173_nc})",contains,grunting,,
i173c,Did his/her breathing sound like stridor? stridor,Id10173,"(Id10173) During the illness that led to death did his/her breathing sound like any of the following: Calculated as: if(selected(${isAdult}, '1'),${Id10173_a} ,${Id10173_nc})",contains,stridor,,
i174o,Did (s)he have chest pain? ch pain,Id10174,(Id10174) Did (s)he have chest pain?,eq,yes,,
i175o,Was the chest pain severe? chp sev,Id10175,(Id10175) Was the chest pain severe?,eq,yes,i174o,
i176a,Did (s)he experience chest pain less than 24 hours before death? chp befd lt 1d,Id10176,(Id10176) How many days before death did (s)he have chest pain? Constraint: .>=0 and .<=99,lt,1,i174o,
i176b,"Did (s)he experience chest pain at least 1 day, but less than 4 weeks before death? chp befd 1d - 4w",Id10176,(Id10176) How many days before death did (s)he have chest pain? Constraint: .>=0 and .<=99,between,1 to 27,i174o,
i176c,"Did (s)he experience chest pain at least 4 weeks, but less than 8 weeks before death? chp befd 4-8w",Id10176,(Id10176) How many days before death did (s)he have chest pain? Constraint: .>=0 and .<=99,between,28 to 55,i174o,
i176d,Did (s)he experience chest pain at least 8 weeks before death? chp befd 8+w,Id10176,(Id10176) How many days before death did (s)he have chest pain? Constraint: .>=0 and .<=99,ge,56,i174o,
i178a,Did the chest pain last less than 1 hour? chp lt 1h,Id10179,(Id10179) [Enter how long the chest pain lasted in hours]: Constraint: .>=0 and .<=23,eq,0,i174o,
i178b,"Did the chest pain last at least 1 hour, but less than 24 hours? chp lt 1d",Id10179,(Id10179) [Enter how long the chest pain lasted in hours]: Constraint: .>=0 and .<=23,between,1 to 23,i174o,
i178b,"Did the chest pain last at least 1 hour, but less than 24 hours? chp lt 1d",Id10179_1,(Id10179_1) [Enter how long the chest pain lasted in days]: Constraint: .>=1 and .<=${Id10176},eq,0,i174o,
i178c,Did the chest pain last at least 24 hours? chp 1+d,Id10179_1,(Id10179_1) [Enter how long the chest pain lasted in days]: Constraint: .>=1 and .<=${Id10176},ge,24,i174o,
i178c,Did the chest pain last at least 24 hours? chp 1+d,Id10179_1,(Id10179_1) [Enter how long the chest pain lasted in days]: Constraint: .>=1 and .<=${Id10176},ge,1,i174o,
i181o,Did (s)he have diarrhoea? diarr,Id10181,(Id10181)  Did (s)he have diarrhoea?,eq,yes,,
i182a,Did (s)he have diarrhoea for less than 2 weeks? drr 2w,Id10182,"(Id10182) For how many days did (s)he have diarrhoea? Calculation: if(${Id10182_units}='days', ${Id10182_a},${Id10182_b} * 30)",lt,14,,
i182b,Did (s)he have diarrhoea for at least 2 weeks but less than 4 week? drr 2-4w,Id10182,"(Id10182) For how many days did (s)he have diarrhoea? Calculation: if(${Id10182_units}='days', ${Id10182_a},${Id10182_b} * 30)",between,14 to 27,,
i182c,Did (s)he have diarrhoea for at least 4 weeks? drr 4+w,Id10182,"(Id10182) For how many days did (s)he have diarrhoea? Calculation: if(${Id10182_units}='days', ${Id10182_a},${Id10182_b} * 30)",ge,28,,
i183a,Did the baby or child have at least 3 stools on the day that the diarrhoea was most frequent? 3+ stls,Id10183,(Id10183) How many stools did the baby or child have on the day that diarrhoea was most frequent?,ge,3,,
i184a,Did the diarrhoea start at least 4 weeks before death? drr 4+w,Id10184_b,(Id10184_b) [Enter how long before death the diarrhoea started in days]:,ge,28,,
i184a,Did the diarrhoea start at least 4 weeks before death? drr 4+w,Id10184_c,(Id10184_c) [Enter how long before death the diarrhoea started in months]:,ge,1,,
i184b,Did the diarrhoea start at least 2 weeks but less than 4 weeks before death? drr 2-4w,Id10184_a,(Id10184_a) How many days before death did the diarrhoea start?,between,14 to 27,,
i184b,Did the diarrhoea start at least 2 weeks but less than 4 weeks before death? drr 2-4w,Id10184_b,(Id10184_b) [Enter how long before death the diarrhoea started in days]:,between,14 to 27,,
i184c,Did the diarrhoea start at least 4 days but less than 2 weeks before death? drr 4d - 2w,Id10184_a,(Id10184_a) How many days before death did the diarrhoea start?,between,4 to 13,,
i184c,Did the diarrhoea start at least 4 days but less than 2 weeks before death? drr 4d - 2w,Id10184_b,(Id10184_b) [Enter how long before death the diarrhoea started in days]:,between,4 to 13,,
i184d,Did the diarrhoea start 3 days before death? drr 3d,Id10184_a,(Id10184_a) How many days before death did the diarrhoea start?,eq,3,,
i184d,Did the diarrhoea start 3 days before death? drr 3d,Id10184_b,(Id10184_b) [Enter how long before death the diarrhoea started in days]:,eq,3,,
i184e,Did the diarrhoea start less than 3 days before death? drr <3d,Id10184_a,(Id10184_a) How many days before death did the diarrhoea start?,le,3,,
i184e,Did the diarrhoea start less than 3 days before death? drr< 3d,Id10184_b,(Id10184_b) [Enter how long before death the diarrhoea started in days]:,le,3,,
i185o,Did the diarrhoea continue until death? drr to d,Id10185,(Id10185) Did the diarrhoea continue until death?,eq,yes,,
i186o,At any time during the final illness was there blood in the stools? drr bld,Id10186,(Id10186) At any time during the final illness was there blood in the stools?,eq,yes,,
i188o,Did (s)he vomit? vomit,Id10188,(Id10188) Did (s)he vomit?,eq,yes,,
i190a,Did (s)he vomit for at least 14 days? vomit 14d,Id10190_a,(Id10190_a) [Enter how long before death(s)he vomited in days]:,ge,14,,
i190a,Did (s)he vomit for at least 14 days? vomit 14d,Id10190_b,(Id10190_b) [Enter how long before death(s)he vomited in months]:,ge,1,,
i190b,"Did (s)he vomit for at least 7 days, but less than 14 days? vomit 7-13d",Id10190_a,(Id10190_a) [Enter how long before death(s)he vomited in days]:,between,7 to 13,,
i190c,"Did (s)he vomit for at least 2 days, but less than 7 days? vomid 2-6d",Id10190_a,(Id10190_a) [Enter how long before death(s)he vomited in days]:,between,2 to 6,,
i190d,Did (s)he vomit for 1 day? vomit 1d,Id10190_a,(Id10190_a) [Enter how long before death(s)he vomited in days]:,eq,1,,
i190e,Did (s)he vomit for less than 1 day? vomit <1d,Id10190_a,(Id10190_a) [Enter how long before death(s)he vomited in days]:,eq,0,,
i189o,Did (s)he vomit in the week preceding the death? vom bd,Id10189,(Id10189) Did (s)he vomit in the week preceding the death?,eq,yes,,
i189a,Did s/he vomit every time s/he ate and/or drank? vom ate/drank,Id10189_1,(Id10189_1) Did s/he vomit every time s/he ate and/or drank?,eq,yes,,
i191o,Was there blood in the vomit?  vom bld,Id10191,(Id10191) Was there blood in the vomit?,eq,yes,,
i192o,Was the vomit black? vom blck,Id10192,(Id10192) Was the vomit black?,eq,yes,,
i194o,Did (s)he have abdominal pain? abd pain,Id10194,(Id10194)  Did (s)he have abdominal pain?,eq,yes,,
i195o,Was the abdominal pain severe? abd p sev,Id10195,(Id10195) Was the abdominal pain severe?,eq,yes,,
i197a,Did (s)he have abdominal pain for less than 2 weeks? abd p <2w,Id10197,"(Id10197) Calculation number of Days with abdominal pain.  Calculate: if(selected(${id10196_unit}, 'days'),${Id10197_a}, if(${id10196_unit}='months', ${Id10198} * 30, int(${Id10196} div 24)))",le,13,,
i199a,Was the pain in the upper right abdomen? abd p ur,Id10199,(Id10199) Where was the location of the abdominal pain?,eq,upper_right,,
i199a,Was the pain in the upper right abdomen? abd p ur,Id10199,(Id10199) Where was the location of the abdominal pain?,eq,all_over,,
i199b,Was the pain in the upper left abdomen? abd p ul,Id10199,(Id10199) Where was the location of the abdominal pain?,eq,upper_left,,
i199b,Was the pain in the upper left abdomen? abd p ul,Id10199,(Id10199) Where was the location of the abdominal pain?,eq,all_over,,
i199c,Was the pain in the lower right abdomen?  abd p lr,Id10199,(Id10199) Where was the location of the abdominal pain?,eq,lower_right,,
i199c,Was the pain in the lower right abdomen? abd p lr,Id10199,(Id10199) Where was the location of the abdominal pain?,eq,all_over,,
i199d,Was the pain in the lower left abdomen? abd p ll,Id10199,(Id10199) Where was the location of the abdominal pain?,eq,lower_left,,
i199d,Was the pain in the lower left abdomen? abd p ll,Id10199,(Id10199) Where was the location of the abdominal pain?,eq,all_over,,
i200o,Did (s)he have a more than usually protruding abdomen? abd  prot,Id10200,(Id10200)  Did (s)he have a more than usually protruding abdomen?,eq,yes,,
i201a,Did (s)he have a more than usually protruding abdomen for less than 2 weeks before death? abd pr < 2w,Id10201,"(Id10201) Calculated number of Days with protruding abdomen.  Calculation: if(selected(${Id10201_unit}, 'days'),${Id10201_a}, if(${Id10201_unit}='months', ${Id10202} * 30, null))",le,13,,
i203a,Did (s)he develop the protruding abdomen rapidly? abd pr rap,Id10203,(Id10203) How rapidly did (s)he develop the protruding abdomen?,eq,rapidly,,
i204o,Did (s)he have any mass in the abdomen? abd mass,Id10204,(Id10204) Did (s)he have any mass in the abdomen?,eq,yes,,
i205a,Did (s)he have a mass in the abdomen for less than 2 weeks? ab ms <2w,Id10205,"(Id10205) Calculated number of Days with a mass in the abdomen. Calculation: if(selected(${Id10205_unit}, 'days'),${Id10205_a}, if(${Id10205_unit}='months', ${Id10206} * 30, null))",le,13,,
i207o,Did (s)he have a severe headache? headache,Id10207,(Id10207) Did (s)he have a severe headache?,eq,yes,,
i208o,Did s/he have a stiff or painful neck? st or pa neck,Id10208,(Id10208) Did s/he have a stiff or painful neck?,eq,yes,,
i209a,Did (s)he have a stiff or painful neck for less than one week before death? st or pa n < 1w,Id10209,"(Id10209) For how many days before death did (s)he have stiff or painful neck? Calculation: if(${Id10209_units}='days', ${Id10209_a},${Id10209_b} * 30)",le,6,,
i212o,Did (s)he have mental confusion? ment conf,Id10212,(Id10212) Did (s)he have mental confusion?,eq,yes,,
i213o,Did (s)he have mental confusion for at least 3 months? menc 3+m,Id10213,"(Id10213) For how many months did (s)he have mental confusion? Calculation: if(${Id10213_units}='days', ${Id10213_a} div 30,${Id10213_b})",ge,3,,
i214o,Was (s)he unconscious? uncons,Id10214,(Id10214) Was (s)he unconscious?,eq,yes,,
i216a,Did the unsconsciousness start less than 6 hours before death? unc st <6h,Id10216,"(Id10216) How many hours before death did unconsciousness start? Calculation: if(${Id10216_units}='days', ${Id10216_b} * 24,${Id10216_a})",lt,6,,
i217o,"Did the unconsciousness start suddenly, quickly (at least within a single day)? unc sudd",Id10217,"(Id10217) Did the unconsciousness start suddenly, quickly (at least within a single day)?",eq,yes,,
i220o,Did (s)he experience any generalized convulsions? conv gen,Id10220,(Id10220) Did (s)he experience any generalized convulsions?,eq,yes,,
i222o,Did (s)he become unconscious immediately after the convulsion? conv  unc,Id10222,(Id10222) Did (s)he become unconscious immediately after the convulsion?,eq,yes,,
i275o,Did the baby have convulsions starting within the first 24 hours of life? conv d0,Id10275,(Id10275) Did the baby have convulsions starting within the first 24 hours of life?,eq,yes,,
i223o,Did (s)he have any urine problems? urine,Id10223,(Id10223) Did (s)he have any urine problems?,eq,yes,,
i226o,During the final illness did (s)he ever pass blood in the urine? uri bld,Id10226,(Id10226) During the final illness did (s)he ever pass blood in the urine?,eq,yes,,
i224o,Did (s)he stop urinating? uri none,Id10224,(Id10224) Did (s)he stop urinating?,eq,yes,,
i230o,Did (s)he have an ulcer on the foot? ul ft,Id10230,(Id10230) Did (s)he have an ulcer on the foot?,eq,yes,,
i231o,Did the ulcer on the foot have pus? ul ft  pus,Id10231,(Id10231) Did the ulcer on the foot have pus?,eq,yes,,
i232a,Did the ulcer on the foot have ooze pus for at least 2 weeks? ul 2+w,Id10232,"(Id10232) For how many days did the ulcer on the foot ooze pus? Calculation: if(${Id10232_units}='days', ${Id10232_a},${Id10232_b}*30)",ge,14,,
i227o,Did (s)he have ulcers or sores anywhere else on the body? skin,Id10227,(Id10227) Did (s)he have ulcers or sores anywhere else on the body?,eq,yes,,
i229o,Did the ulcers or sores  have pus? sk s pus,Id10229,(Id10229) Did the ulcers or sores  have pus?,eq,yes,,
i233o,Did (s)he have any skin rash? sk rash,Id10233,(Id10233) Did (s)he have any skin rash?,eq,yes,,
i234a,Did (s)he have the skin rash for less than one week? sk ra < 1w,Id10234,(Id10234) For how many days did (s)he have the skin rash?,lt,7,,
i235a,Did (s)he have a rash on the face? sk ra face,Id10235,(Id10235) Where was the rash?,eq,face,,
i235b,Did (s)he have a rash on the trunk or abdomen? sk ra abd,Id10235,(Id10235) Where was the rash?,eq,trunk,,
i235c,Did (s)he have a rash on the extremities? sk ra ext,Id10235,(Id10235) Where was the rash?,eq,extremities,,
i235d,Did (s)he have a rash everywhere? sk ra all,Id10235,(Id10235) Where was the rash?,eq,everywhere,,
i236o,Did (s)he have measles rash? sk ra meas,Id10236,(Id10236) Did (s)he have measles rash?,eq,yes,,
i237o,Did (s)he ever have shingles or herpes zoster? sk ra herp,Id10237,(Id10237) Did (s)he ever have shingles or herpes zoster?,eq,yes,,
i238o,Did her/his skin flake off in patches? sk flake,Id10238,(Id10238) Did her/his skin flake off in patches?,eq,yes,,
i239o,Did he/she have areas of the skin that turned black? sk black,Id10239,(Id10239) Did he/she have areas of the skin that turned black?,eq,yes,,
i240o,Did he/she have areas of the skin with redness and swelling? sk red,Id10240,(Id10240) Did he/she have areas of the skin with redness and swelling?,eq,yes,,
i242o,"Did (s)he bleed from the nose, mouth or anus? bld orif",Id10242,"(Id10242) Did (s)he bleed from the nose, mouth or anus?",eq,yes,,
i243o,Did (s)he have noticeable weight loss? wt loss,Id10243,(Id10243) Did (s)he have noticeable weight loss?,eq,yes,,
i244o,Was (s)he severely thin or wasted? wt waste,Id10244,(Id10244) Was (s)he severely thin or wasted?,eq,yes,,
i245o,Did s/he have a whitish rash inside the mouth or on the tongue? wht rash,Id10245,(Id10245) Did s/he have a whitish rash inside the mouth or on the tongue?,eq,yes,,
i246o,Did (s)he have stiffness of the whole body or was unable to open the mouth? stiff,Id10246,(Id10246) Did (s)he have stiffness of the whole body or was unable to open the mouth?,eq,yes,,
i247o,Did (s)he have puffiness of the face? sw pu face,Id10247,(Id10247) Did (s)he have puffiness of the face?,eq,yes,,
i248a,Did (s)he have puffiness of the face for at least one week? sw p f 1+w,Id10248,"(Id10248) For how many days did (s)he have puffiness of the face? Calculation: if(${Id10248_units}='days', ${Id10248_a},${Id10248_b}*30)",ge,7,,
i249o,Did (s)he have swollen legs or feet? sw lg ft,Id10249,(Id10249) Did (s)he have swollen legs or feet?,eq,yes,,
i250a,Did the swelling last for at least 1 week? sw lg ft 1+w,Id10250,"(Id10250) How many days did the swelling last? Calculation: if(${Id10250_units}='days', ${Id10250_a},${Id10250_b}*30)",ge,7,,
i251o,Did (s)he have both feet swollen? sw lf bth,Id10251,(Id10251) Did (s)he have both feet swollen?,eq,yes,,
i252o,Did (s)he have general swelling of the body? sw all,Id10252,(Id10252) Did (s)he have general swelling of the body?,eq,yes,,
i254o,Did (s)he have any lumps or sores in the mouth? lm mou,Id10254,(Id10254) Did (s)he have any lumps or sores in the mouth?,eq,yes,,
i253o,Did (s)he have lumps anywhere else on the body? lm else,Id10253,(Id10253) Did (s)he have lumps anywhere else on the body?,eq,yes,,
i255o,Did (s)he have any lumps in the neck? lm nck,Id10255,(Id10255) Did (s)he have any lumps on the neck?,eq,yes,,
i256o,Did (s)he have any lumps in the armpit? lm arm,Id10256,(Id10256) Did (s)he have any lumps on the armpit?,eq,yes,,
i257o,Did (s)he have any lumps in the groin? lm grn,Id10257,(Id10257) Did (s)he have any lumps on the groin?,eq,yes,,
i258o,Was (s)he in any way paralysed? paral,Id10258,(Id10258) Was (s)he in any way paralysed?,eq,yes,,
i259o,Did (s)he have paralysis of only one side of the body? par 1 side,Id10259,(Id10259) Did (s)he have paralysis of only one side of the body?,eq,yes,,
i260a,Did she have paralysis of both legs? par bth lg,Id10260,(Id10260) Did she have paralysis of both legs?,eq,yes,,
i261o,Was there difficulty or pain in swallowing? pain diff swa,Id10261,(Id10261) Was there difficulty or pain in swallowing?,eq,yes,,
i262a,Did (s)he have difficulty or pain swallowing for at least one week? swa 1+w,Id10262,"(Id10262) For how many days before death did (s)he have difficulty swallowing? Calculation: if(${Id10262_units}='days', ${Id10262_a},${Id10262_b}*30)",eq,yes,,
i262c,Did swallowing become impossible? imp swa,Id10262_c,(Id10262_c) Did swallowing become impossible?,eq,yes,,
i265o,Did (s)he have yellow discoloration of the eyes? yellow eyes,Id10265,(Id10265) Did (s)he have yellow discoloration of the eyes?,eq,yes,,
i266a,Did (s)he have the yellow discolouration for less than 2 weeks? yell 2+w,Id10266,"(Id10266) For how many days did (s)he have the yellow discoloration? Calculation: if(${Id10266_units}='days', ${Id10266_a},${Id10266_b}*30)",le,14,,
i266b,Did (s)he have the yellow discolouration for at least 2 weeks but less than 6 months? yell 2w+ < 6m,Id10266,"(Id10266) For how many days did (s)he have the yellow discoloration? Calculation: if(${Id10266_units}='days', ${Id10266_a},${Id10266_b}*30)",between,14 to 179,,
i266c,Did (s)he have the yellow discolouration for at least 6 months? yell 6+m,Id10266,"(Id10266) For how many days did (s)he have the yellow discoloration? Calculation: if(${Id10266_units}='days', ${Id10266_a},${Id10266_b}*30)",ge,180,,
i267o,Did her/his hair change in color to a reddish or yellowish color? hair,Id10267,(Id10267) Did her/his hair change in color to a reddish or yellowish color?,eq,yes,,
i268o,"Did (s)he look pale or have pale palms, eyes or nail beds? pale",Id10268,"(Id10268)  Did (s)he look pale or have pale palms, eyes or nail beds?",eq,yes,,
i269o,Did (s)he have sunken eyes? eyes sunk,Id10269,(Id10269) Did (s)he have sunken eyes?,eq,yes,,
i271o,Was the baby able to suckle or bottle-feed within the first 24 hours after birth? suckle,Id10271,(Id10271) Was the baby able to suckle or bottle-feed within the first 24 hours after birth?,eq,yes,,
i272o,Did the baby ever suckle in a normal way? suck ev,Id10272,(Id10272) Did the baby ever suckle in a normal way?,eq,yes,,
i273o,Did the baby stop suckling? suck st,Id10273,(Id10273) Did the baby stop suckling?,eq,yes,,
i274a,Did the baby stop suckling on the 2nd day after birth or later? suck st d1,Id10274,"(Id10274) How many days after birth did the baby stop suckling? Calculation: if(selected(${isNeonatal}, '1'), ${Id10274_a},if(${Id10274_units}='days', ${Id10274_b},${Id10274_c} * 30))",ge,2,,
i277o,"Did the baby's body become stiff, with the back arched backwards? stiff",Id10277,"(Id10277) Did the baby's body become stiff, with the back arched backwards?",eq,yes,,
i278o,Did the baby have a bulging or raised fontanelle? font up,Id10278,(Id10278) Did the baby have a bulging or raised fontanelle?,eq,yes,,
i279o,Did the baby have a sunken fontanelle? font lo,Id10279,(Id10278) Did the baby have a bulging or raised fontanelle?,eq,yes,,
i281o,Did the baby become unresponsive or unconscious? unresp,Id10281,(Id10281) Did the baby become unresponsive or unconscious?,eq,yes,,
i282o,Did the baby become unresponsive or unconscious within 24 hours after birth? unc d0,Id10282, (Id0282) Did the baby become unresponsive or unconscious within 24 hours after birth?,eq,yes,,
i284o,Did the baby become cold to touch? cold,Id10284,(Id10284) Did the baby become cold to touch?,eq,yes,,
i286o,Did the baby become lethargic after a period of normal activity? lethargy,Id10286,(Id10286) Did the baby become lethargic after a period of normal activity?,eq,yes,,
i287o,Did the baby have redness or pus oozing from the umbilical cord? umbil dis,Id10287,(Id10287) Did the baby have redness or pus oozing from the umbilical cord?,eq,yes,,
i288o,Did the baby have skin ulcer(s) or sore(s)? sk ulcer,Id10288,(Id10288) Did the baby have skin ulcer(s) or sore(s)?,eq,yes,,
i289o,"Did the baby have yellow skin, palms or soles? yellow",Id10289,"(Id10289) Did the baby have yellow skin, palms or soles?",eq,yes,,
i485o,Did s(h)e suffer from extreme fatigue? fatigue,Id10485,(Id10485) Did s(h)e suffer from extreme fatigue? ,eq,yes,,
i486o,"Did (s)he experience a new loss, change or decreased sense of smell or taste? loss ch smell",Id10486,"(Id10486) Did (s)he experience a new loss, change or decreased sense of smell or taste?  ",eq,yes,,
i294o,Did she have any lump(s) and/or ulcer(s) in the breast? sw lm bre,Id10294,(Id10294) Did she have any lump(s) and/or ulcer(s) in the breast?,eq,yes,,
i296o,Did she ever have a period or menstruate? menstr,Id10296,(Id10296) Did she ever have a period or menstruate?,eq,yes,,
i299o,Did her menstrual period stop naturally because of menopause? men mpse,Id10299,(Id10299) Did her menstrual period stop naturally because of menopause?,eq,yes,,
i300o,Did she have vaginal bleeding after cessation of menstruation? men mp bl,Id10300,(Id10300) Did she have vaginal bleeding after cessation of menstruation?,eq,yes,,
i301o,Was there excessive vaginal bleeding in the week prior to death? vb <1w,Id10301,(Id10301) Was there excessive vaginal bleeding in the week prior to death?,eq,yes,,
i302o,At the time of death was her period overdue? men late,Id10302,(Id10302) At the time of death was her period overdue?,eq,yes,,
i303a,Had her period been overdue for at least 4 weeks? men l 4+w,Id10303,(Id10303) For how many weeks had her period been overdue?,ge,4,,
i305o,Was she pregnant  and not yet in labour at the time of death? pregnant,Id10305,(Id10305) Was she pregnant  and not yet in labour at the time of death?,eq,yes,,
i312o,Did she die during labour or delivery? d lab,Id10312,(Id10312) Did she die during labour or delivery?,eq,yes,,
i313o,Did she die after delivering a baby? d aft del,Id10313,(Id10313) Did she die after delivering a baby?,eq,yes,,
i314o,Did she die within 24 hours after delivery? d <24h del,Id10314,(Id10314) Did she die within 24 hours after delivery?,eq,yes,,
i306o,Did she die within 6 weeks after delivery? d <6w chb,Id10306,(Id10306) Did she die within 6 weeks after delivery?,eq,yes,,
i334o,Did she have a pregnancy that ended in an abortion or miscarriage within 6 weeks before her death? abort,Id10334,(Id10334) Did she have a pregnancy that ended in an abortion or miscarriage within 6 weeks before her death?,eq,yes,,
i333o,Did she attempt to terminate the pregnancy? term att,Id10333,(Id10333) Did she attempt to terminate the pregnancy?,eq,yes,i334o,
i308o,"Did she die less than 1 year after delivery, abortion or miscarriage? d <1y del ab mis",Id10308,"(Id10308) Did she die less than 1 year after delivery, abortion or miscarriage?",eq,yes,,
i310o,"[ Please confirm that in the 12 months prior to her death, the woman was not pregnant, she did not have a delivery and she also did not have an abortion or miscarriage.] not preg",Id10310,"[ Please confirm that in the 12 months prior to her death, the woman was not pregnant, she did not have a delivery and she also did not have an abortion or miscarriage.] ",eq,yes,,
i304o,Did she have a sharp abdominal pain in the first 3 months of pregnancy? obs pain,Id10304,(Id10304) Did she have a sharp abdominal pain in the first 3 months of pregnancy?,eq,yes,,
i304a,Did she faint when she had the sharp abdominal pain? obs pain faint,Id10304_a,(Id10304_a)  Did she faint when she had the sharp abdominal pain?,eq,yes,,
i309a,"Was she, or had she been, pregnant for less than 3 months? d <3m pr",Id10309,(Id10309) For how many months was she pregnant?,lt,3,,
i309b,"Was she, or had she been, pregnant for at least 3 months, but less than 6 months? d 3+m <6m pr",Id10309,(Id10309) For how many months was she pregnant?,between,3 to 5,,
i309c,"Was she, or had she been, pregnant for at least 6 months? d 6+m pr",Id10309,(Id10309) For how many months was she pregnant?,ge,6,,
i317a,Did she die during or after a pregnancy with three or more babies? trip pr,Id10317,(Id10317) How many babies was she pregnant with?,eq,triplets,,
i317b,Did she die during or after a pregnancy with twins? twins pr,Id10317,(Id10317) How many babies was she pregnant with?,eq,twins,,
i317c,Did she die during or after a pregnancy with a single? single pr,Id10317,(Id10317) How many babies was she pregnant with?,eq,singleton,,
i321o,"During pregnancy, did she suffer from high blood pressure? pr hypt",Id10321,"(Id10321) During pregnancy, did she suffer from high blood pressure?",eq,yes,,
i322a,Did she have foul smelling vaginal discharge during pregnancy? pr disch,Id10322_a,(Id10322_a) Did she have foul smelling vaginal discharge during pregnancy?,eq,yes,,
i325o,Did bleeding occur while she was pregnant?pr bleed,Id10325,(Id10325) Did bleeding occur while she was pregnant?,eq,yes,,
i327o,Was there vaginal bleeding during the last 3 months of pregnancy but before labour started? pr bl 6+m,Id10327,(Id10327) Was there vaginal bleeding during the last 3 months of pregnancy but before labour started?,eq,yes,,
i323o,Did she suffer from convulsions during the last 3 months of pregnancy and/or after delivery? pr conv,Id10323,(Id10323) Did she suffer from convulsions during the last 3 months of pregnancy and/or after delivery?,eq,yes,,
i324o,Did she have blurred vision during the last 3 months of pregnancy and/or after delivery? pr bl vis,Id10324,(Id10324) Did she have blurred vision during the last 3 months of pregnancy and/or after delivery?,eq,yes,,
i328o,Did she have excessive bleeding during labour or delivery? pr bl lab,Id10328,(Id10328) Did she have excessive bleeding during labour or delivery?,eq,yes,,
i329a,Did she have excessive bleeding after delivery?,Id10329_a,(Id10329_a) Did she have excessive bleeding after delivery?,eq,yes,,
i329b,Did she have excessive bleeding during or after abortion or miscarriage?,Id10329_b,(Id10329_b) Did she have excessive bleeding during or after abortion or miscarriage?,eq,yes,,
i322b,Did she have foul smelling vaginal discharge after delivery/abortion?,Id10322_b,(Id10322_b) Did she have foul smelling vaginal discharge after delivery/abortion?,eq,yes,,
i331o,Did she deliver or try to deliver an abnormally positioned baby?,Id10331,(Id10331) Did she deliver or try to deliver an abnormally positioned baby?,eq,yes,,
i332a,Did her labour last longer than 24 hours?,Id10332,(Id10332) For how many hours was she in labour?,gt,24,,
i342o,"Was the delivery normal vaginal, without forceps or vacuum?",Id10342,"(Id10342) Was the delivery normal vaginal, without forceps or vacuum?",eq,yes,,
i343o,"Was the delivery vaginal, with forceps or vacuum?",Id10343,"(Id10343) Was the delivery vaginal, with forceps or vacuum?",eq,yes,,
i344o,Was the delivery a Caesarean section?,Id10344,(Id10344) Was the delivery a Caesarean section?,eq,yes,,
i330o,Was the placenta completely delivered?,Id10330,(Id10330) Was the placenta completely delivered?,eq,yes,,
i337a,Did the mother deliver at a hospital?,Id10337,(Id10337) Where did she give birth?,eq,hospital,,
i337b,Did the mother deliver at other health facility (other than hospital)?,Id10337,(Id10337) Where did she give birth?,eq,other_health_facility,,
i337c,Did the mother deliver at home?,Id10337,(Id10337) Where did she give birth?,eq,home,,
i337d,Did the mother deliver on route to hospital or facility?,Id10337,(Id10337) Where did she give birth?,eq,on_route_to_hospital_or_facility,,
i337e,Did the mother deliver elsewhere (not at or on route to a health facility nor at home)?,Id10337,(Id10337) Where did she give birth?,eq,other,,
i319a,Did she die during or after her first pregnancy?,Id10319,"(Id10319) How many births, including stillbirths, did she/the mother have before this pregnancy?",eq,0,,
i319b,Did she have five or more pregnancies before this one?,Id10319,"(Id10319) How many births, including stillbirths, did she/the mother have before this pregnancy?",ge,5,,
i320o,Had she had any previous Caesarean section?,Id10320,(Id10320) Had she had any previous Caesarean section?,eq,yes,,
i340o,Did she have an operation to remove her uterus shortly before death?,Id10340,(Id10340) Did she have an operation to remove her uterus shortly before death?,eq,yes,,
i354o,Was the child part of a multiple  birth?,Id10354,(Id10354) Was the child part of a multiple  birth?,eq,yes,,
i363o,"At birth, was the baby smaller than usual, (weighing under 2.5 kg)?",Id10363,"(Id10363) At birth, was the baby smaller than usual, (weighing under 2.5 kg)?",eq,yes,,
i365o,"At birth, was the baby larger than usual, (weighing over 4.5 kg)?",Id10365,"(Id10365) At birth, was the baby larger than usual, (weighing over 4.5 kg)?",eq,yes,,
i367a,Did the pregnancy last for less than 8 months before the child was born?,Id10367,(Id10367) How many months long was the pregnancy before the child was born?,lt,8,,
i367b,Did the pregnancy last for 8 or 9 months before the child was born?,Id10367,(Id10367) How many months long was the pregnancy before the child was born?,between,8 to 9,,
i367c,Did the pregnancy last for more than 9 months before the child was born?,Id10367,(Id10367) How many months long was the pregnancy before the child was born?,gt,9,,
i369o,Were there any complications during labour or delivery?,Id10369,(Id10369) Were there any complications during labour or delivery? ,eq,yes,,
i370o,"Was any part of the baby physically abnormal at time of delivery? (for example: body part too large or too small, additional growth on body)?",Id10370,"(Id10370) Was any part of the baby physically abnormal at time of delivery? (for example: body part too large or too small, additional growth on body)?",eq,yes,,
i371o,Did the baby/ child have a swelling or defect on the back at time of birth?,Id10371,(Id10371) Did the baby/ child have a swelling or defect on the back at time of birth?,eq,yes,,
i372o,Did the baby/child have a very large head?,Id10372,(Id10372) Did the baby/ child have a very large head at time of birth?,eq,yes,,
i373o,Did the baby/child have a very small head?,Id10373,(Id10373) Did the baby/ child have a very small head at time of birth?,eq,yes,,
i382a,Did labour and delivery take more than 24 hours?,Id10382,(Id10382) How many hours did labour and delivery take?,gt,24,,
i383o,Was the baby born 24 hours or more after the waters broke?,Id10383,(Id10383) Was the baby born 24 hours or more after the water broke?,eq,yes,,
i384o,Was the liquor foul smelling?,Id10384,(Id10384) Was the liquor foul smelling?,eq,yes,,
i385a,Was the liquor a green or brown colour when the waters broke?,Id10385,(Id10385) What was the colour of the liquor when the waters broke?,eq,green_or_brown,,
i385b,Was the liquor a clear colour when the waters broke?,Id10385,(Id10385) What was the colour of the liquor when the waters broke?,eq,clear,,
i385c,"Was the liquor a different colour (other than green, brown, or clear) when the waters broke?",Id10385,(Id10385) What was the colour of the liquor when the waters broke?,eq,other,,
i387o,"Was the delivery normal vaginal, without forceps or vacuum?",Id10387,"(Id10387) Was the delivery normal vaginal, without forceps or vacuum?",eq,yes,,
i388o,"Was the delivery vaginal, with forceps or vacuum?",Id10388,"(Id10388) Was the delivery vaginal, with forceps or vacuum?",eq,yes,,
i389o,Was the delivery a Caesarean section?,Id10389,(Id10389) Was the delivery a Caesarean section?,eq,yes,,
i391o,Did the child's mother receive any vaccinations since reaching adulthood including during this pregnancy?,Id10391,(Id10391) Did you/the baby's mother receive any vaccinations since reaching adulthood including during this pregnancy?,eq,yes,,
i393o,Did the mother receive tetanus toxoid (TT) vaccine?,Id10393,(Id10393) Did you/the baby's mother receive tetanus toxoid (TT) vaccine?,eq,yes,,
i395o,"During labour, did the baby's mother suffer from fever?",Id10395,"(Id10395) During labour, did the you/the baby's mother suffer from fever?",eq,yes,,
i396o,"During the last 3 months of pregnancy, labour or delivery, did the baby's mother suffer from high blood pressure?",Id10396,"(Id10396) During the last 3 months of pregnancy, labour or delivery, did you/the baby's mother suffer from high blood pressure?",eq,yes,,
i397o,Did the baby's mother have diabetes mellitus?,Id10397,(Id10397) Did you/the baby's mother have diabetes mellitus?,eq,yes,,
i398o,Did the baby's mother have foul smelling vaginal discharge during pregnancy or after delivery?,Id10398,(Id10398) Did you/the baby's mother have foul smelling vaginal discharge during pregnancy or after delivery?,eq,yes,,
i399o,"During the last 3 months of pregnancy, labour or delivery, did the baby's mother suffer from convulsions?",Id10399,"(Id10399) During the last 3 months of pregnancy, labour or delivery, did you/the baby's mother suffer from convulsions?",eq,yes,,
i400o,During the last 3 months of pregnancy did the baby's mother suffer from blurred vision?,Id10400,(Id10400) During the last 3 months of pregnancy did you/the baby's mother suffer from blurred vision?,eq,yes,,
i401o,Did the baby's mother have severe anaemia?,Id10401,(Id10401) Did you/the baby's mother have severe anemia?,eq,yes,,
i402o,Did the baby's mother have vaginal bleeding during the last 3 months of pregnancy but before labour started?,Id10402,(Id10402) Did you/the baby's mother have vaginal bleeding during the last 3 months of pregnancy but before labour started?,eq,yes,,
i403o,"Did the baby's bottom, feet, arm or hand come out of the vagina before its head?",Id10403,"(Id10403) Did the baby's bottom, feet, arm or hand come out of the vagina before its head?",eq,yes,,
i404o,Was the umbilical cord wrapped more than once around the neck of the child at birth?,Id10404,(Id10404) Was the umbilical cord wrapped more than once around the neck of the child at birth?,eq,yes,,
i405o,Was the umbilical cord delivered first?,Id10405,(Id10405) Was the umbilical cord delivered first?,eq,yes,,
i406o,Was the baby blue in colour at birth?,Id10406,(Id10406) Was the baby blue in colour at birth?,eq,yes,,
i411o,Did (s)he drink alcohol?,Id10411,(Id10411) Did (s)he drink alcohol?,eq,yes,,
i413o,Did s/he ever smoke tobacco?,Id10413,(Id10413) Did s/he ever smoke tobacco?,eq,yes,,
i413months,(Id10413_a) For how long did s/he smoke tobacco? ,Id10413_a,(Id10413_a) For how long did s/he smoke tobacco? ,eq,months,,1
i413d,How many (months/years),Id10413_d,(Id10413_d) How many (months/years),ge,3,i413months,
i413years,(Id10413_a) For how long did s/he smoke tobacco? ,Id10413_a,(Id10413_a) For how long did s/he smoke tobacco? ,eq,years,,1
i413d,How many (months/years),Id10413_d,(Id10413_d) How many (months/years),ge,1,i413years,
i413b,Did s/he ever smoke daily?,Id10413_b,(Id10413_b) Did s/he ever smoke daily?,eq,yes,,
i414o,Did s/he ever chew and/or sniff tobacco?,Id10414,(Id10414) Did s/he ever chew and/or sniff tobacco?,eq,yes,,
i414months,Did s(h)e chew and/or sniff tobacco for at least 3 months?,Id10414_a,(Id10414_a) For how long did s/he chew and/or sniff  tobacco? ,eq,months,,1
i414d,How many (months/years),Id10414_d,(Id10414_d) How many (months/years),ge,3,i414months,
i414years,Did s(h)e chew and/or sniff tobacco for at least 3 months?,Id10414_a,(Id10414_a) For how long did s/he chew and/or sniff  tobacco? ,eq,years,,1
i414d,How many (months/years),Id10414_d,(Id10414_d) How many (months/years),ge,1,i414years,
i414b,Did s/he ever chew and/or sniff tobacco daily?,Id10414_b,(Id10414_b) Did s/he ever chew and/or sniff tobacco daily?,eq,yes,,
i418o,Did (s)he receive any treatment for the illness that led to death?,Id10418,(Id10418) Did (s)he receive any treatment for the illness that led to death?,eq,yes,,
i419o,Did (s)he receive oral rehydration salts?,Id10419,(Id10419) Did (s)he receive oral rehydration salts?,eq,yes,,
i420o,Did (s)he receive (or need) intravenous fluids (drip) treatment?,Id10420,(Id10420) Did (s)he receive (or need) intravenous fluids (drip) treatment?,eq,yes,,
i421o,Did (s)he receive (or need) a blood transfusion?,Id10421,(Id10421) Did (s)he receive (or need) a blood transfusion?,eq,yes,,
i422o,Did (s)he receive (or need) treatment/food through a tube passed through the nose?,Id10422,(Id10422) Did (s)he receive (or need) treatment/food through a tube passed through the nose?,eq,yes,,
i423o,Did (s)he receive (or need) injectable antibiotics?,Id10423,(Id10423) Did (s)he receive (or need) injectable antibiotics?,eq,yes,,
i424o,Did (s)he receive (or need) antiretroviral therapy (ART)?,Id10424,(Id10424) Did (s)he receive (or need) antiretroviral therapy (ART)?,eq,yes,,
i425o,Did (s)he have (or need) an operation for the illness?,Id10425,(Id10425) Did (s)he have (or need) an operation for the illness?,eq,yes,,
i426o,Did (s)he have the operation within 1 month before death?,Id10426,(Id10426) Did (s)he have the operation within 1 month before death?,eq,yes,,
i446o,Has the deceased's (biological) mother ever been told she had HIV/AIDS by a health worker?,Id10446,(Id10446) Has the deceased's (biological) mother ever been told she had HIV/AIDS by a health worker?,eq,yes,,