Approx InterVA5.py line number,New Column Name,New Column Documentation,Source Lookup,Source Column Documentation,Relationship,Condition,Prerequisite,Meta: Notes
5,i004a,,Id10004,(Id10004) [During which season did (s)he die?],eq,wet,,
11,i004b,,Id10004,(Id10004) [During which season did (s)he die?],eq,dry,,
15,i019a,,Id10019,(Id10019) What was the sex of the deceased?,eq,male,,
21,i019b,,Id10019,(Id10019) What was the sex of the deceased?,eq,female,,
31,i022a,,ageInYears, Calculated as: int(${ageInDays} div 365.25),ge,65,,
32,i022a,,age_adult,[Enter adult's age in years:],ge,65,,
35,i022b,,ageInYears, Calculated as: int(${ageInDays} div 365.25),ge,50,,
36,i022b,,age_adult,[Enter adult's age in years:],ge,50,,
39,i022c,,ageInYears, Calculated as: int(${ageInDays} div 365.25),ge,15,,
40,i022c,,age_adult,[Enter adult's age in years:],ge,15,,
43,i022d,,ageInYears, Calculated as: int(${ageInDays} div 365.25),ge,5,,
44,i022d,,age_adult,[Enter adult's age in years:],ge,5,,
47,i022d,,age_group,[What age group corresponds to the deceased?],eq,child,,
51,i022e,,ageInYears, Calculated as: int(${ageInDays} div 365.25),ge,1,,
54,i022e,,age_group,[What age group corresponds to the deceased?],eq,child,,
57,i022f,,ageInDays, Calculated as: (${Id10023} - ${Id10021}),ge,30.4,,
59,i022f,,age_group,[What age group corresponds to the deceased?],eq,child,,
69,i022g,,isNeonatal2," Calculated as: if(${age_group} = 'neonate', '1', '0')",eq,1,,
68,i022g,,isNeonatal1," Calculated as: if(${ageInDays} <=27, '1', '0')",eq,1,,
67,i022g,,isNeonatal," Calculated as: if(${ageInDays} = 'NaN' or string-length(${ageInDays}) = 0, ${isNeonatal2}, ${isNeonatal1})",eq,1,,
76,i022i,,displayAgeNeonate,NEONATE was ${ageInDays} days old.,ge,1,,
79,i022j,,displayAgeNeonate,NEONATE was ${ageInDays} days old.,ge,2,,
82,i022k,,displayAgeNeonate,NEONATE was ${ageInDays} days old.,ge,7,,
94,i022l,,Id10019,(Id10019) What was the sex of the deceased?,eq,female,,
99,i022m,,Id10019,(Id10019) What was the sex of the deceased?,eq,female,,
104,i022n,,Id10019,(Id10019) What was the sex of the deceased?,eq,female,,
108,i059o,,Id10059,(Id10059) What was her/his marital status?,eq,married,,
118,i077o,,Id10077,(Id10077) Did (s)he suffer from any injury or accident that led to her/his death?,eq,yes,,
123,i079o,,Id10079,(Id10079) Was it a road traffic accident?,eq,yes,,
128,i082o,,Id10082,(Id10082) Was (s)he injured in a non-road transport accident?,eq,yes,,
137,i083o,,Id10077,(Id10077) Did (s)he suffer from any injury or accident that led to her/his death?,eq,yes,,
141,i084o,,Id10077,(Id10077) Did (s)he suffer from any injury or accident that led to her/his death?,eq,yes,,
145,i085o,,Id10077,(Id10077) Did (s)he suffer from any injury or accident that led to her/his death?,eq,yes,,
150,i086o,,Id10086,(Id10086) Was (s)he injured by a bite or sting by venomous animal?,eq,yes,,
155,i087o,,Id10087,(Id10087) Was (s)he injured by an animal or insect (non-venomous)?,eq,yes,,
162,i089o,,Id10077,(Id10077) Did (s)he suffer from any injury or accident that led to her/his death?,eq,yes,,
167,i090o,,Id10090,"(Id10090) Was (s)he subject to violence (suicide, homicide, abuse)?",eq,yes,,
172,i091o,,Id10091,(Id10091) Was (s)he injured by a firearm?,eq,yes,,
177,i092o,,Id10092,"(Id10092) Was (s)he stabbed, cut or pierced?",eq,yes,,
182,i093o,,Id10093,(Id10093) Was (s)he strangled?,eq,yes,,
187,i094o,,Id10094,(Id10094) Was (s)he injured by a blunt force?,eq,yes,,
192,i095o,,Id10095,(Id10095) Was (s)he injured by a force of nature?,eq,yes,,
197,i096o,,Id10096,(Id10096) Was it electrocution?,eq,yes,,
202,i098o,,Id10098,(Id10098) Was the injury accidental?,eq,yes,,
207,i099o,,Id10099,(Id10099) Was the injury self-inflicted?,eq,yes,,
212,i100o,,Id10100,(Id10100) Was the injury intentionally inflicted by someone else?,eq,yes,,
217,i104o,,Id10104,(Id10104) Did the baby ever cry?,eq,yes,,
222,i105o,,Id10105,"(Id10105) Did the baby cry immediately after birth, even if only a little bit?",eq,yes,,
227,i106a,,Id10106,(Id10106) How many minutes after birth did the baby first cry?,gt,5,,
232,i107o,,Id10107,(Id10107) Did the baby stop being able to cry?,eq,yes,,
237,i108a,,Id10108,(Id10108) How many hours before death did the baby stop crying?,gt,24,,
242,i109o,,Id10109,(Id10109) Did the baby ever move?,eq,yes,,
247,i110o,,Id10110,(Id10110) Did the baby ever breathe?,eq,yes,,
251,i111o,,Id10111,"(Id10111) Did the baby breathe immediately after birth, even a little?",eq,yes,,
256,i112o,,Id10112,(Id10112) Did the baby have a breathing problem?,eq,yes,,
261,i113o,,Id10113,(Id10113) Was the baby given assistance to breathe at birth?,eq,yes,,
266,i114o,,Id10114,"(Id10114) If the baby didn't show any sign of life, was it born dead?",eq,yes,,
271,i115o,,Id10115,(Id10115) Were there any bruises or signs of injury on baby's body after the birth?,eq,yes,,
276,i116o,,Id10116,"(Id10116) Was the baby’s body soft, pulpy and discoloured and the skin peeling away?",eq,yes,,
284,i120a,,Id10120,"(Id10120) Calculated number of Days with illness Calculated as: if(selected(${isNeonatal}, '1'),${Id10120_0}, if(${id10120_unit}='days', ${Id10120_1},if(${id10120_unit}='months', ${Id10121} * 30, ${Id10122} * 365)))",lt,21,,
286,i120a,,Id10121,(Id10121) Months,lt,1,,
293,i120b,,Id10120,"(Id10120) Calculated number of Days with illness Calculated as: if(selected(${isNeonatal}, '1'),${Id10120_0}, if(${id10120_unit}='days', ${Id10120_1},if(${id10120_unit}='months', ${Id10121} * 30, ${Id10122} * 365)))",ge,21,,
295,i120b,,Id10121,(Id10121) Months,ge,1,,
294,i120b,,Id10122,(Id10122) Years,ge,3,,
302,i123o,,Id10123,(Id10123) Did (s)he die suddenly?,eq,yes,,
307,i125o,,Id10125,(Id10125) Was there any diagnosis by a health professional of tuberculosis?,eq,yes,,
312,i127o,,Id10127,(Id10127) Was there any diagnosis by a health professional of AIDS?,eq,yes,,
317,i128o,,Id10128,(Id10128) Did (s)he have a recent positive test by a health professional for malaria?,eq,yes,,
322,i129o,,Id10129,(Id10129) Did (s)he have a recent negative test by a health professional for malaria?,eq,yes,,
327,i130o,,Id10130,(Id10130) Was there any diagnosis by a health professional of dengue fever?,eq,yes,,
332,i131o,,Id10131,(Id10131) Was there any diagnosis by a health professional of measles?,eq,yes,,
337,i132o,,Id10132,(Id10132) Was there any diagnosis by a health professional of high blood pressure?,eq,yes,,
342,i133o,,Id10133,(Id10133) Was there any diagnosis by a health professional of heart disease?,eq,yes,,
347,i134o,,Id10134,(Id10134) Was there any diagnosis by a health professional of diabetes?,eq,yes,,
352,i135o,,Id10135,(Id10135) Was there any diagnosis by a health professional of asthma?,eq,yes,,
357,i136o,,Id10136,(Id10136) Was there any diagnosis by a health professional of epilepsy?,eq,yes,,
362,i137o,,Id10137,(Id10137) Was there any diagnosis by a health professional of cancer?,eq,yes,,
367,i138o,,Id10138,(Id10138) Was there any diagnosis by a health professional of Chronic Obstructive Pulmonary Disease (COPD)?,eq,yes,,
372,i139o,,Id10139,(Id10139) Was there any diagnosis by a health professional of dementia?,eq,yes,,
377,i140o,,Id10140,(Id10140) Was there any diagnosis by a health professional of depression?,eq,yes,,
382,i141o,,Id10141,(Id10141) Was there any diagnosis by a health professional of stroke?,eq,yes,,
387,i142o,,Id10142,(Id10142) Was there any diagnosis by a health professional of sickle cell disease?,eq,yes,,
392,i143o,,Id10143,(Id10143) Was there any diagnosis by a health professional of kidney disease?,eq,yes,,
397,i144o,,Id10144,(Id10144) Was there any diagnosis by a health professional of liver disease?,eq,yes,,
402,i147o,,Id10147,(Id10147) Did (s)he have a fever?,eq,yes,,
407,i148a,,Id10148,"(Id10148) How many days did the fever last? Calculated as: if(selected(${isNeonatal}, '1'), ${Id10148_a},if(${Id10148_units}='days', ${Id10148_b},int(${Id10148_c} * 30)))",lt,7,,
411,i148b,,Id10148,"(Id10148) How many days did the fever last? Calculated as: if(selected(${isNeonatal}, '1'), ${Id10148_a},if(${Id10148_units}='days', ${Id10148_b},int(${Id10148_c} * 30)))",ge,7,,
415,i148c,,Id10148,"(Id10148) How many days did the fever last? Calculated as: if(selected(${isNeonatal}, '1'), ${Id10148_a},if(${Id10148_units}='days', ${Id10148_b},int(${Id10148_c} * 30)))",ge,14,,
420,i149o,,Id10149,(Id10149) Did the fever continue until death?,eq,yes,,
425,i150a,,Id10150,(Id10150) How severe was the fever?,eq,severe,,
431,i151a,,Id10151,(Id10151) What was the pattern of the fever?,eq,continuous,,
437,i152o,,Id10152,(Id10152) Did (s)he have night sweats?,eq,yes,,
442,i153o,,Id10153,(Id10153) Did (s)he have a cough?,eq,yes,,
447,i154a,,Id10154,"(Id10154) For how many days did (s)he have a cough? Calculated as: if(${Id10154_units}='days', ${Id10154_a},int(${Id10154_b} * 30))",lt,21,,
451,i154b,,Id10154,"(Id10154) For how many days did (s)he have a cough? Calculated as: if(${Id10154_units}='days', ${Id10154_a},int(${Id10154_b} * 30))",ge,21,,
456,i155o,,Id10155,"(Id10155) Was the cough productive, with sputum?",eq,yes,,
461,i156o,,Id10156,(Id10156) Was the cough very severe?,eq,yes,,
466,i157o,,Id10157,(Id10157) Did (s)he cough up blood?,eq,yes,,
471,i158o,,Id10158,(Id10158) Did (s)he make a whooping sound when coughing?,eq,yes,,
476,i159o,,Id10159,(Id10159) Did (s)he have any difficulty breathing?,eq,yes,,
484,i161a,,Id10161,"(Id10161) Calculated number of Days with illness Calculated as: if(selected(${isNeonatal}, '1'),${Id10161_0}, if(${id10161_unit}='days', ${Id10161_1},if(${id10161_unit}='months', ${Id10162} * 30, ${Id10163} * 365)))",ge,3,,
487,i161a,,Id10162,(Id10162) [Enter how long the difficult breathing lasted in months]:,ge,1,,
488,i161a,,Id10163,(Id10163) [Enter how long the difficult breathing lasted in years]:,ge,1,,
493,i165a,,Id10165,(Id10165) Was the difficulty continuous or on and off?,eq,yes,,
498,i166o,,Id10166,"(Id10166) During the illness that led to death, did (s)he have fast breathing?",eq,yes,,
503,i167a,,Id10167,"(Id10167) How long did the fast breathing last? Calculated as: if(selected(${isNeonatal}, '1'), ${Id10167_a},if(${Id10167_units}='days', ${Id10167_b},${Id10167_c} * 30))",lt,14,,
507,i167b,,Id10167,"(Id10167) How long did the fast breathing last? Calculated as: if(selected(${isNeonatal}, '1'), ${Id10167_a},if(${Id10167_units}='days', ${Id10167_b},${Id10167_c} * 30))",ge,14,,
512,i168o,,Id10168,(Id10168) Did (s)he have breathlessness?,eq,yes,,
517,i169a,,Id10169,"(Id10169) How long did (s)he have breathlessness? Calculated as: if(selected(${isNeonatal}, '1'), ${Id10169_a},if(${Id10169_units}='days', ${Id10169_b},${Id10169_c} * 30))",lt,14,,
521,i169b,,Id10169,"(Id10169) How long did (s)he have breathlessness? Calculated as: if(selected(${isNeonatal}, '1'), ${Id10169_a},if(${Id10169_units}='days', ${Id10169_b},${Id10169_c} * 30))",ge,14,,
526,i170o,,Id10170,(Id10170) Was (s)he unable to carry out daily routines due to breathlessness?,eq,yes,,
531,i171o,,Id10171,(Id10171) Was (s)he breathless while lying flat?,eq,yes,,
536,i172o,,Id10172,(Id10172) Did you see the lower chest wall/ribs being pulled in as the child breathed in?,eq,yes,,
543,i173a,,Id10173,"(Id10173) During the illness that led to death did his/her breathing sound like any of the following: Calculated as: if(selected(${isAdult}, '1'),${Id10173_a} ,${Id10173_nc})",eq,wheezing,,
542,i173a,,Id10173,"(Id10173) During the illness that led to death did his/her breathing sound like any of the following: Calculated as: if(selected(${isAdult}, '1'),${Id10173_a} ,${Id10173_nc})",eq,stridor,,
541,i173a,,Id10173,"(Id10173) During the illness that led to death did his/her breathing sound like any of the following: Calculated as: if(selected(${isAdult}, '1'),${Id10173_a} ,${Id10173_nc})",eq,grunting,,
548,i174o,,Id10174,(Id10174) Did (s)he have chest pain?,eq,yes,,
553,i175o,,Id10175,(Id10175) Was the chest pain severe?,eq,yes,,
558,i176a,,Id10176,(Id10176) How many days before death did (s)he have chest pain?,ge,3,,
564,i178a,,Id10178,(Id10178) [Enter how long the chest pain lasted in minutes]:,ge,30,,
572,i181o,,Id10181,(Id10181) Did (s)he have more frequent loose or liquid stools than usual?,eq,yes,,
577,i182a,,Id10182,"(Id10182) For how many days did (s)he have frequent loose or liquid stools? Calculated as: if(${Id10182_units}='days', ${Id10182_a},${Id10182_b} * 30)",lt,14,,
581,i182b,,Id10182,"(Id10182) For how many days did (s)he have frequent loose or liquid stools? Calculated as: if(${Id10182_units}='days', ${Id10182_a},${Id10182_b} * 30)",ge,14,,
586,i182c,,Id10182,"(Id10182) For how many days did (s)he have frequent loose or liquid stools? Calculated as: if(${Id10182_units}='days', ${Id10182_a},${Id10182_b} * 30)",ge,28,,
591,i183o,,Id10183,(Id10183) How many stools did the baby or child have on the day that loose liquid stools were most frequent?,ge,4,,
596,i184a,,Id10184,"Column doesn't exist - but there's Id10184_a, Id10184_b and Id10184_c",ge,3,,
601,i185o,,Id10185,(Id10185) Did the frequent loose or liquid stools continue until death?,eq,yes,,
606,i186o,,Id10186,(Id10186) At any time during the final illness was there blood in the stools?,eq,yes,,
611,i187o,,Id10187,(Id10187) Was there blood in the stool up until death?,eq,yes,,
616,i188o,,Id10188,(Id10188) Did (s)he vomit?,eq,yes,,
621,i189o,,Id10189,(Id10189) To clarify: Did (s)he vomit in the week preceding the death?,eq,yes,,
626,i190o,,Id10190,Column doesn't exist - but there's Id10190_a and Id10190_b,eq,yes,,
631,i191o,,Id10191,(Id10191) Was there blood in the vomit?,eq,yes,,
636,i192o,,Id10192,(Id10192) Was the vomit black?,eq,yes,,
641,i193o,,Id10193,(Id10193) Did (s)he have any belly (abdominal) problem?,eq,yes,,
646,i194o,,Id10194,(Id10194) Did (s)he have belly (abdominal) pain?,eq,yes,,
651,i195o,,Id10195,(Id10195) Was the belly (abdominal) pain severe?,eq,yes,,
669,i197a,,Id10194,(Id10194) Did (s)he have belly (abdominal) pain?,eq,yes,,
682,i197b,,Id10194,(Id10194) Did (s)he have belly (abdominal) pain?,eq,yes,,
688,i199a,,Id10199,(Id10199) Was the pain in the upper or lower belly (abdomen)?,eq,upper_lower_abdomen,,
687,i199a,,Id10199,(Id10199) Was the pain in the upper or lower belly (abdomen)?,eq,upper_abdomen,,
695,i199b,,Id10199,(Id10199) Was the pain in the upper or lower belly (abdomen)?,eq,lower_abdomen,,
694,i199b,,Id10199,(Id10199) Was the pain in the upper or lower belly (abdomen)?,eq,upper_lower_abdomen,,
699,i200o,,Id10200,(Id10200) Did (s)he have a more than usually protruding belly (abdomen)?,eq,yes,,
709,i201a,,Id10200,(Id10200) Did (s)he have a more than usually protruding belly (abdomen)?,eq,yes,,
718,i201b,,Id10200,(Id10200) Did (s)he have a more than usually protruding belly (abdomen)?,eq,yes,,
725,i203a,,Id10203,(Id10203) How rapidly did (s)he develop the protruding belly (abdomen)?,eq,rapidly,,
730,i204o,,Id10204,(Id10204) Did (s)he have any mass in the belly (abdomen)?,eq,yes,,
739,i205a,,Id10204,(Id10204) Did (s)he have any mass in the belly (abdomen)?,eq,yes,,
750,i205b,,Id10204,(Id10204) Did (s)he have any mass in the belly (abdomen)?,eq,yes,,
755,i207o,,Id10207,(Id10207) Did (s)he have a severe headache?,eq,yes,,
760,i208o,,Id10208,(Id10208) Did (s)he have a stiff neck during illness that led to death?,eq,yes,,
767,i209a,,Id10208,(Id10208) Did (s)he have a stiff neck during illness that led to death?,eq,yes,,
772,i209b,,Id10208,(Id10208) Did (s)he have a stiff neck during illness that led to death?,eq,yes,,
778,i210o,,Id10210,(Id10210) Did (s)he have a painful neck during the illness that led to death?,eq,yes,,
785,i211a,,Id10210,(Id10210) Did (s)he have a painful neck during the illness that led to death?,eq,yes,,
791,i212o,,Id10212,(Id10212) Did (s)he have mental confusion?,eq,yes,,
796,i213o,,Id10213,"(Id10213) For how many months did (s)he have mental confusion? Calculated as: if(${Id10213_units}='days', ${Id10213_a} div 30,${Id10213_b})",eq,yes,,
801,i214o,,Id10214,(Id10214) Was (s)he unconscious during the illness that led to death?,eq,yes,,
806,i215o,,Id10215,(Id10215) Was (s)he unconscious for more than 24 hours before death?,eq,yes,,
811,i216a,,Id10216,"(Id10216) How many hours before death did unconsciousness start? Calculated as: if(${Id10216_units}='days', ${Id10216_b} * 24,${Id10216_a})",ge,6,,
816,i217o,,Id10217,"(Id10217) Did the unconsciousness start suddenly, quickly (at least within a single day)?",eq,yes,,
821,i218o,,Id10218,(Id10218) Did the unconsciousness continue until death?,eq,yes,,
826,i219o,,Id10219,(Id10219) Did (s)he have convulsions?,eq,yes,,
831,i220o,,Id10220,(Id10220) Did (s)he experience any generalized convulsions or fits during the illness that led to death?,eq,yes,,
836,i221a,,Id10221,(Id10221) For how many minutes did the convulsions last?,lt,10,,
842,i221b,,Id10221,(Id10221) For how many minutes did the convulsions last?,ge,10,,
846,i222o,,Id10222,(Id10222) Did (s)he become unconscious immediately after the convulsion?,eq,yes,,
851,i223o,,Id10223,(Id10223) Did (s)he have any urine problems?,eq,yes,,
856,i224o,,Id10224,(Id10224) Did (s)he stop urinating?,eq,yes,,
861,i225o,,Id10225,(Id10225) Did (s)he go to urinate more often than usual?,eq,yes,,
866,i226o,,Id10226,(Id10226) During the final illness did (s)he ever pass blood in the urine?,eq,yes,,
871,i227o,,Id10227,(Id10227) Did (s)he have sores or ulcers anywhere on the body?,eq,yes,,
876,i228o,,Id10228,(Id10228) Did (s)he have sores?,eq,yes,,
881,i229o,,Id10229,(Id10229) Did the sores have clear fluid or pus?,eq,yes,,
886,i230o,,Id10230,(Id10230) Did (s)he have an ulcer (pit) on the foot?,eq,yes,,
891,i231o,,Id10231,(Id10231) Did the ulcer on the foot ooze pus?,eq,yes,,
896,i232a,,Id10232,"(Id10232) For how many days did the ulcer on the foot ooze pus? Calculated as: if(${Id10232_units}='days', ${Id10232_a} div 30,${Id10232_b})",ge,14,,
901,i233o,,Id10233,"(Id10233) During the illness that led to death, did (s)he have any skin rash?",eq,yes,,
906,i234a,,Id10234,(Id10234) For how many days did (s)he have the skin rash?,lt,7,,
911,i234b,,Id10234,(Id10234) For how many days did (s)he have the skin rash?,ge,7,,
916,i235a,,Id10235,(Id10235) Where was the rash?,eq,face,,
922,i235b,,Id10235,(Id10235) Where was the rash?,eq,abdomen,,
928,i235c,,Id10235,(Id10235) Where was the rash?,eq,extremities,,
934,i235d,,Id10235,(Id10235) Where was the rash?,eq,everywhere,,
940,i236o,,Id10236,(Id10236) Did (s)he have measles rash (use local term)?,eq,yes,,
945,i237o,,Id10237,(Id10237) Did (s)he ever have shingles or herpes zoster?,eq,yes,,
950,i238o,,Id10238,"(Id10238) During the illness that led to death, did her/his skin flake off in patches?",eq,yes,,
955,i239o,,Id10239,"(Id10239) During the illness that led to death, did he/she have areas of the skin that turned black?",eq,yes,,
960,i240o,,Id10240,"(Id10240) During the illness that led to death, did he/she have areas of the skin with redness and swelling?",eq,yes,,
965,i241o,,Id10241,"(Id10241) During the illness that led to death, did (s)he bleed from anywhere?",eq,yes,,
970,i242o,,Id10242,"(Id10242) Did (s)he bleed from the nose, mouth or anus?",eq,yes,,
975,i243o,,Id10243,(Id10243) Did (s)he have noticeable weight loss?,eq,yes,,
980,i244o,,Id10244,(Id10244) Was (s)he severely thin or wasted?,eq,yes,,
985,i245o,,Id10245,"(Id10245) During the illness that led to death, did s/he have a whitish rash inside the mouth or on the tongue?",eq,yes,,
990,i246o,,Id10246,(Id10246) Did (s)he have stiffness of the whole body or was unable to open the mouth?,eq,yes,,
995,i247o,,Id10247,(Id10247) Did (s)he have puffiness of the face?,eq,yes,,
1000,i248a,,Id10248,"(Id10248) For how many days did (s)he have puffiness of the face? Calculated as: if(${Id10248_units}='days', ${Id10248_a} div 30,${Id10248_b})",ge,7,,
1005,i249o,,Id10249,"(Id10249) During the illness that led to death, did (s)he have swollen legs or feet?",eq,yes,,
1010,i250a,,Id10250,"(Id10250) How many days did the swelling last? Calculated as: if(${Id10250_units}='days', ${Id10250_a} div 30,${Id10250_b})",ge,3,,
1015,i251o,,Id10251,(Id10251) Did (s)he have both feet swollen?,eq,yes,,
1020,i252o,,Id10252,(Id10252) Did (s)he have general puffiness all over his/her body?,eq,yes,,
1025,i253o,,Id10253,(Id10253) Did (s)he have any lumps?,eq,yes,,
1030,i254o,,Id10254,(Id10254) Did (s)he have any lumps or lesions in the mouth?,eq,yes,,
1035,i255o,,Id10255,(Id10255) Did (s)he have any lumps on the neck?,eq,yes,,
1040,i256o,,Id10256,(Id10256) Did (s)he have any lumps on the armpit?,eq,yes,,
1045,i257o,,Id10257,(Id10257) Did (s)he have any lumps on the groin?,eq,yes,,
1050,i258o,,Id10258,(Id10258) Was (s)he in any way paralysed?,eq,yes,,
1055,i259o,,Id10259,(Id10259) Did (s)he have paralysis of only one side of the body?,eq,yes,,
1060,i260a,,Id10260,(Id10260) Which were the limbs or body parts paralysed?,eq,right_side,,
1066,i260b,,Id10260,(Id10260) Which were the limbs or body parts paralysed?,eq,left_side,,
1072,i260c,,Id10260,(Id10260) Which were the limbs or body parts paralysed?,eq,lower_part_of_body,,
1078,i260d,,Id10260,(Id10260) Which were the limbs or body parts paralysed?,eq,upper_part_of_body,,
1084,i260e,,Id10260,(Id10260) Which were the limbs or body parts paralysed?,eq,one_leg_only,,
1090,i260f,,Id10260,(Id10260) Which were the limbs or body parts paralysed?,eq,one_arm_only,,
1096,i260g,,Id10260,(Id10260) Which were the limbs or body parts paralysed?,eq,whole_body,,
1102,i261o,,Id10261,(Id10261) Did (s)he have difficulty swallowing?,eq,yes,,
1107,i262a,,Id10262,"(Id10262) For how many days before death did (s)he have difficulty swallowing? Calculated as: if(${Id10262_units}='days', ${Id10262_a} div 30,${Id10262_b})",ge,7,,
1113,i263a,,Id10263,"(Id10263) Was the difficulty with swallowing with solids, liquids, or both?",eq,both,,
1112,i263a,,Id10263,"(Id10263) Was the difficulty with swallowing with solids, liquids, or both?",eq,solids,,
1120,i263b,,Id10263,"(Id10263) Was the difficulty with swallowing with solids, liquids, or both?",eq,liquids,,
1119,i263b,,Id10263,"(Id10263) Was the difficulty with swallowing with solids, liquids, or both?",eq,both,,
1124,i264o,,Id10264,(Id10264) Did (s)he have pain upon swallowing?,eq,yes,,
1129,i265o,,Id10265,(Id10265) Did (s)he have yellow discoloration of the eyes?,eq,yes,,
1134,i266a,,Id10266,"(Id10266) For how many days did (s)he have the yellow discoloration? Calculated as: if(${Id10266_units}='days', ${Id10266_a} div 30,${Id10266_b})",ge,21,,
1139,i267o,,Id10267,(Id10267) Did her/his hair change in color to a reddish or yellowish color?,eq,yes,,
1144,i268o,,Id10268,"(Id10268) Did (s)he look pale (thinning/lack of blood) or have pale palms, eyes or nail beds?",eq,yes,,
1149,i269o,,Id10269,(Id10269) Did (s)he have sunken eyes?,eq,yes,,
1154,i270o,,Id10270,(Id10270) Did (s)he drink a lot more water than usual?,eq,yes,,
1159,i271o,,Id10271,(Id10271) Was the baby able to suckle or bottle-feed within the first 24 hours after birth?,eq,yes,,
1164,i272o,,Id10272,(Id10272) Did the baby ever suckle in a normal way?,eq,yes,,
1169,i273o,,Id10273,(Id10273) Did the baby stop suckling?,eq,yes,,
1174,i274a,,Id10274,"(Id10274) How many days after birth did the baby stop suckling? Calculated as: if(selected(${isNeonatal}, '1'), ${Id10274_a},if(${Id10274_units}='days', ${Id10274_b},${Id10274_c} * 30))",ge,2,,
1179,i275o,,Id10275,(Id10275) Did the baby have convulsions starting within the first 24 hours of life?,eq,yes,,
1184,i276o,,Id10276,(Id10276) Did the baby have convulsions starting more than 24 hours after birth?,eq,yes,,
1189,i277o,,Id10277,"(Id10277) Did the baby's body become stiff, with the back arched backwards?",eq,yes,,
1194,i278o,,Id10278,"(Id10278) During the illness that led to death, did the baby have a bulging or raised fontanelle? ",eq,yes,,
1199,i279o,,Id10279,"(Id10279) During the illness that led to death, did the baby have a sunken fontanelle? ",eq,yes,,
1204,i281o,,Id10281,"(Id10281) During the illness that led to death, did the baby become unresponsive or unconscious?",eq,yes,,
1209,i282o,,Id10282,"(Id10282) Did the baby become unresponsive or unconscious soon after birth, within less than 24 hours?",eq,yes,,
1214,i283o,,Id10283,(Id10283) Did the baby become unresponsive or unconscious more than 24 hours after birth?,eq,yes,,
1219,i284o,,Id10284,"(Id10284) During the illness that led to death, did the baby become cold to touch?",eq,yes,,
1224,i285a,,Id10285,(Id10285) How many days old was the baby when it started feeling cold to touch?,gt,3,,
1229,i286o,,Id10286,"(Id10286) During the illness that led to death, did the baby become lethargic after a period of normal activity?",eq,yes,,
1234,i287o,,Id10287,(Id10287) Did the baby have redness or pus drainage from the umbilical cord stump?,eq,yes,,
1239,i288o,,Id10288,"(Id10288) During the illness that led to death, did the baby have skin ulcer(s) or pits?",eq,yes,,
1244,i289o,,Id10289,"(Id10289) During the illness that led to death, did the baby have yellow skin, palms (hand) or soles (foot)?",eq,yes,,
1249,i290o,,Id10290,(Id10290) Did the baby or infant appear to be healthy and then just die suddenly?,eq,yes,,
1254,i294o,,Id10294,(Id10294) Did she have any swelling or lump in the breast?,eq,yes,,
1259,i295o,,Id10295,(Id10295) Did she have any ulcers (pits) in the breast?,eq,yes,,
1264,i296o,,Id10296,(Id10296) Did she ever have a period or menstruate?,eq,yes,,
1269,i297o,,Id10297,"(Id10297) When she had her period, did she have vaginal bleeding in between menstrual periods?",eq,yes,,
1274,i298o,,Id10298,(Id10298) Was the bleeding excessive?,eq,yes,,
1279,i299o,,Id10299,(Id10299) Did her menstrual period stop naturally because of menopause or removal of uterus?,eq,yes,,
1284,i300o,,Id10300,(Id10300) Did she have vaginal bleeding after cessation of menstruation?,eq,yes,,
1289,i301o,,Id10301,(Id10301) Was there excessive vaginal bleeding in the week prior to death?,eq,yes,,
1294,i302o,,Id10302,(Id10302) At the time of death was her period overdue?,eq,yes,,
1299,i303a,,Id10303,(Id10303) For how many weeks had her period been overdue?,ge,4,,
1304,i304o,,Id10304,(Id10304) Did she have a sharp pain in her belly (abdomen) shortly before death?,eq,yes,,
1309,i305o,,Id10305,(Id10305) Was she pregnant at the time of death?,eq,yes,,
1314,i306o,,Id10306,"(Id10306) Did she die within 6 weeks of delivery, abortion or miscarriage?",eq,yes,,
1319,i309o,,Id10309,(Id10309) For how many months was she pregnant?,eq,yes,,
1324,i310o,,Id10310,"(Id10310) Please confirm, when she died, she was NEITHER pregnant NOR had delivered, had an abortion, or miscarried within 12 months of when she died--is that right?",eq,yes,,
1329,i312o,,Id10312,(Id10312) Did she die during labour or delivery?,eq,yes,,
1334,i313o,,Id10313,(Id10313) Did she die after delivering a baby?,eq,yes,,
1339,i314o,,Id10314,(Id10314) Did she die within 24 hours after delivery?,eq,yes,,
1344,i315o,,Id10315,"(Id10315) Did she die within 6 weeks of childbirth? Calculated as: if(${Id10306}='no', ${Id10306}, ${Id10315_a})",eq,yes,,
1349,i316o,,Id10316,(Id10316) Did she give birth to a live baby (within 6 weeks of her death)?,eq,yes,,
1354,i317o,,Id10317,(Id10317) Did she die during or after a multiple pregnancy?,eq,yes,,
1359,i318o,,Id10318,(Id10318) Was she breastfeeding the child in the days before death?,eq,yes,,
1364,i319a,,Id10319,"(Id10319) How many births, including stillbirths, did she/the mother have before this baby?",eq,0,,
1369,i319b,,Id10319,"(Id10319) How many births, including stillbirths, did she/the mother have before this baby?",ge,4,,
1374,i320o,,Id10320,(Id10320) Had she had any previous Caesarean section?,eq,yes,,
1379,i321o,,Id10321,"(Id10321) During pregnancy, did she suffer from high blood pressure?",eq,yes,,
1384,i322o,,Id10322,(Id10322) Did she have foul smelling vaginal discharge during pregnancy or after delivery?,eq,yes,,
1389,i323o,,Id10323,"(Id10323) During the last 3 months of pregnancy, did she suffer from convulsions?",eq,yes,,
1394,i324o,,Id10324,(Id10324) During the last 3 months of pregnancy did she suffer from blurred vision?,eq,yes,,
1399,i325o,,Id10325,(Id10325) Did bleeding occur while she was pregnant?,eq,yes,,
1404,i326o,,Id10326,(Id10326) Was there vaginal bleeding during the first 6 months of pregnancy?,eq,yes,,
1409,i327o,,Id10327,(Id10327) Was there vaginal bleeding during the last 3 months of pregnancy but before labour started?,eq,yes,,
1414,i328o,,Id10328,(Id10328) Did she have excessive bleeding during labour or delivery?,eq,yes,,
1419,i329o,,Id10329,(Id10329) Did she have excessive bleeding after delivery or abortion?,eq,yes,,
1424,i330o,,Id10330,(Id10330) Was the placenta completely delivered?,eq,yes,,
1429,i331o,,Id10331,(Id10331) Did she deliver or try to deliver an abnormally positioned baby?,eq,yes,,
1434,i332a,,Id10332,(Id10332) For how many hours was she in labour?,gt,24,,
1439,i333o,,Id10333,(Id10333) Did she attempt to terminate the pregnancy?,eq,yes,,
1444,i334o,,Id10334,(Id10334) Did she recently have a pregnancy that ended in an abortion (spontaneous or induced)?,eq,yes,,
1449,i335o,,Id10335,(Id10335) Did she die during an abortion?,eq,yes,,
1454,i336o,,Id10336,(Id10336) Did she die within 6 weeks of having an abortion?,eq,yes,,
1460,i337a,,Id10337,(Id10337) Where did she give birth?,eq,other_health_facility,,
1459,i337a,,Id10337,(Id10337) Where did she give birth?,eq,hospital,,
1468,i337b,,Id10337,(Id10337) Where did she give birth?,eq,home,,
1477,i337c,,Id10337,(Id10337) Where did she give birth?,eq,other,,
1476,i337c,,Id10337,(Id10337) Where did she give birth?,eq,on_route_to_hospital_or_facility,,
1481,i338o,,Id10338,(Id10338) Did she receive professional assistance during the delivery?,eq,yes,,
1486,i340o,,Id10340,(Id10340) Did she have an operation to remove her uterus shortly before death?,eq,yes,,
1491,i342o,,Id10342,"(Id10342) Was the delivery normal vaginal, without forceps or vacuum?",eq,yes,,
1496,i343o,,Id10343,"(Id10343) Was the delivery vaginal, with forceps or vacuum?",eq,yes,,
1501,i344o,,Id10344,(Id10344) Was the delivery a Caesarean section?,eq,yes,,
1506,i347o,,Id10347,(Id10347) Was the baby born more than one month early?,eq,yes,,
1511,i354o,,Id10354,(Id10354) Was the child part of a multiple  birth?,eq,yes,,
1516,i355a,,Id10355,"(Id10355) Was the child the first, second, or later in the birth order?",eq,first,,
1521,i356o,,Id10356,(Id10356) Is the mother still alive?,eq,yes,,
1527,i357o,,Id10357,"(Id10357) Did the mother die before, during or after the delivery?",eq,during_delivery,,
1526,i357o,,Id10357,"(Id10357) Did the mother die before, during or after the delivery?",eq,after_delivery,,
1539,i360a,,Id10360,(Id10360) Where was the deceased born?,eq,other_health_facility,,
1538,i360a,,Id10360,(Id10360) Where was the deceased born?,eq,hospital,,
1547,i360b,,Id10360,(Id10360) Where was the deceased born?,eq,home,,
1556,i360c,,Id10360,(Id10360) Where was the deceased born?,eq,on_route_to_hospital_or_facility,,
1555,i360c,,Id10360,(Id10360) Where was the deceased born?,eq,other,,
1560,i361o,,Id10361,(Id10361) Did you/the mother receive professional assistance during the delivery?,eq,yes,,
1565,i362o,,Id10362,"(Id10362) At birth, was the baby of usual size?",eq,yes,,
1570,i363o,,Id10363,"(Id10363) At birth, was the baby smaller than usual, (weighing under 2.5 kg)?",eq,yes,,
1575,i364o,,Id10364,"(Id10364) At birth, was the baby very much smaller than usual, (weighing under 1 kg)?",eq,yes,,
1580,i365o,,Id10365,"(Id10365) At birth, was the baby larger than usual, (weighing over 4.5 kg)?",eq,yes,,
1585,i367a,,Id10367,(Id10367) How many months long was the pregnancy before the child was born?,ge,9,,
1590,i367b,,Id10367,(Id10367) How many months long was the pregnancy before the child was born?,eq,8,,
1595,i367c,,Id10367,(Id10367) How many months long was the pregnancy before the child was born?,lt,8,,
1599,i368o,,Id10368,"(Id10368) Were there any complications in the late part of the pregnancy (defined as the last 3 months, before labour)? ",eq,yes,,
1604,i369o,,Id10369,(Id10369) Were there any complications during labour or delivery? ,eq,yes,,
1609,i370o,,Id10370,"(Id10370) Was any part of the baby physically abnormal at time of delivery? (for example: body part too large or too small, additional growth on body)?",eq,yes,,
1614,i371o,,Id10371,(Id10371) Did the baby/ child have a swelling or defect on the back at time of birth?,eq,yes,,
1619,i372o,,Id10372,(Id10372) Did the baby/ child have a very large head at time of birth?,eq,yes,,
1624,i373o,,Id10373,(Id10373) Did the baby/ child have a very small head at time of birth?,eq,yes,,
1629,i376o,,Id10376,(Id10376) Was the baby moving in the last few days before the birth?,eq,yes,,
1634,i377o,,Id10377,(Id10377) Did the baby stop moving in the womb before labour started?,eq,yes,,
1639,i382a,,Id10382,(Id10382) How many hours did labour and delivery take?,gt,24,,
1644,i383o,,Id10383,(Id10383) Was the baby born 24 hours or more after the water broke?,eq,yes,,
1649,i384o,,Id10384,(Id10384) Was the liquor foul smelling?,eq,yes,,
1654,i385a,,Id10385,(Id10385) What was the colour of the liquor when the water broke?,eq,green_or_brown,,
1660,i387o,,Id10387,"(Id10387) Was the delivery normal vaginal, without forceps or vacuum?",eq,yes,,
1665,i388o,,Id10388,"(Id10388) Was the delivery vaginal, with forceps or vacuum?",eq,yes,,
1670,i389o,,Id10389,(Id10389) Was the delivery a Caesarean section?,eq,yes,,
1675,i391o,,Id10391,(Id10391) Did you/the mother receive any vaccinations since reaching adulthood including during this pregnancy?,eq,yes,,
1680,i393o,,Id10393,(Id10393) Did you/the mother receive tetanus toxoid (TT) vaccine?,eq,yes,,
1685,i394a,,Id10394,"(Id10394) How many births, including stillbirths, did the baby's mother have before this baby?",eq,0,,
1690,i394b,,Id10394,"(Id10394) How many births, including stillbirths, did the baby's mother have before this baby?",ge,4,,
1695,i395o,,Id10395,"(Id10395) During labour, did the baby's mother suffer from fever?",eq,yes,,
1700,i396o,,Id10396,"(Id10396) During the last 3 months of pregnancy, labour or delivery, did you/the baby's mother suffer from high blood pressure?",eq,yes,,
1705,i397o,,Id10397,(Id10397) Did you/the baby's mother have diabetes mellitus?,eq,yes,,
1710,i398o,,Id10398,(Id10398) Did you/the baby's mother have foul smelling vaginal discharge during pregnancy or after delivery?,eq,yes,,
1715,i399o,,Id10399,"(Id10399) During the last 3 months of pregnancy, labour or delivery, did you/the baby's mother suffer from convulsions?",eq,yes,,
1720,i400o,,Id10400,(Id10400) During the last 3 months of pregnancy did you/the baby's mother suffer from blurred vision?,eq,yes,,
1725,i401o,,Id10401,(Id10401) Did you/the baby's mother have severe anemia?,eq,yes,,
1730,i402o,,Id10402,(Id10402) Did you/the baby's mother have vaginal bleeding during the last 3 months of pregnancy but before labour started?,eq,yes,,
1735,i403o,,Id10403,"(Id10403) Did the baby's bottom, feet, arm or hand come out of the vagina before its head?",eq,yes,,
1740,i404o,,Id10404,(Id10404) Was the umbilical cord wrapped more than once around the neck of the child at birth?,eq,yes,,
1745,i405o,,Id10405,(Id10405) Was the umbilical cord delivered first?,eq,yes,,
1750,i406o,,Id10406,(Id10406) Was the baby blue in colour at birth?,eq,yes,,
1755,i408o,,Id10408,"(Id10408) Before the illness that led to death, was the baby/the child growing normally?",eq,yes,,
1760,i411o,,Id10411,(Id10411) Did (s)he drink alcohol?,eq,yes,,
1765,i412o,,Id10412,(Id10412) Did (s)he use tobacco?,eq,yes,,
1770,i413o,,Id10413,"(Id10413) Did (s)he smoke tobacco (cigarette, cigar, pipe, etc.)?",eq,yes,,
1775,i414a,,Id10414,(Id10414) What kind of tobacco did (s)he use ?,eq,chewing_tobacco,,
1783,i415a,,Id10415,(Id10415) How many cigarettes did (s)he smoke daily?,ge,10,,
1788,i418o,,Id10418,(Id10418) Did (s)he receive any treatment for the illness that led to death?,eq,yes,,
1793,i419o,,Id10419,(Id10419) Did (s)he receive oral rehydration salts?,eq,yes,,
1798,i420o,,Id10420,(Id10420) Did (s)he receive (or need) intravenous fluids (drip) treatment?,eq,yes,,
1803,i421o,,Id10421,(Id10421) Did (s)he receive (or need) a blood transfusion?,eq,yes,,
1808,i422o,,Id10422,(Id10422) Did (s)he receive (or need) treatment/food through a tube passed through the nose?,eq,yes,,
1813,i423o,,Id10423,(Id10423) Did (s)he receive (or need) injectable antibiotics?,eq,yes,,
1818,i424o,,Id10424,(Id10424) Did (s)he receive (or need) antiretroviral therapy (ART)?,eq,yes,,
1823,i425o,,Id10425,(Id10425) Did (s)he have (or need) an operation for the illness?,eq,yes,,
1828,i426o,,Id10426,(Id10426) Did (s)he have the operation within 1 month before death?,eq,yes,,
1833,i427o,,Id10427,(Id10427) Was (s)he discharged from hospital very ill?,eq,yes,,
1838,i428o,,Id10428,(Id10428) Did (s)he receive any immunizations?,eq,yes,,
1843,i450o,,Id10450,"(Id10450) In the final days before death, did s/he travel to a hospital or health facility?",eq,yes,,
1848,i451o,,Id10451,(Id10451) Did (s)he use motorised transport to get to the hospital or health facility?,eq,yes,,
1853,i452o,,Id10452,(Id10452) Were there any problems during admission to the hospital or health facility?,eq,yes,,
1858,i453o,,Id10453,"(Id10453) Were there any problems with the way (s)he was treated (medical treatment, procedures, interpersonal attitudes, respect, dignity) in the hospital or health facility?",eq,yes,,
1863,i454o,,Id10454,(Id10454) Were there any problems getting medications or diagnostic tests in the hospital or health facility?,eq,yes,,
1868,i455o,,Id10455,(Id10455) Does it take more than 2 hours to get to the nearest hospital or health facility from the deceased's household?,eq,yes,,
1873,i456o,,Id10456,"(Id10456) In the final days before death, were there any doubts about whether medical care was needed?",eq,yes,,
1878,i457o,,Id10457,"(Id10457) In the final days before death, was traditional medicine used?",eq,yes,,
1883,i458o,,Id10458,"(Id10458) In the final days before death, did anyone use a telephone or cell phone to call for help?",eq,yes,,
1888,i459o,,Id10459,"(Id10459) Over the course of illness, did the total costs of care and treatment prohibit other household payments?",eq,yes,,